task_idx,trial_idx,cutrial_no,targetangle_deg,targetx_cm,targety_cm,cursortype,rotation_deg,doaiming_bool,aimstart_deg,aim_deg,aimdeviation_deg,aimtime_ms,phase,cutime_ms,time_ms,mousex_cm,mousey_cm,cursorx_cm,cursory_cm,deviation_bool
11,2,106,20.00000,7.51754,2.73616,regular,0,True,10.00000,18.50000,-1.50000,2608,0,1395096,0,0.05554,-0.04109,0.05554,-0.04109,0
11,2,106,20.00000,7.51754,2.73616,regular,0,True,10.00000,18.50000,-1.50000,2608,1,1395112,16,0.05554,-0.04109,0.05554,-0.04109,0
11,2,106,20.00000,7.51754,2.73616,regular,0,True,10.00000,18.50000,-1.50000,2608,1,1395129,33,0.05554,-0.04109,0.05554,-0.04109,0
11,2,106,20.00000,7.51754,2.73616,regular,0,True,10.00000,18.50000,-1.50000,2608,1,1395146,50,0.05554,-0.04109,0.05554,-0.04109,0
11,2,106,20.00000,7.51754,2.73616,regular,0,True,10.00000,18.50000,-1.50000,2608,1,1395163,67,0.05554,-0.04109,0.05554,-0.04109,0
11,2,106,20.00000,7.51754,2.73616,regular,0,True,10.00000,18.50000,-1.50000,2608,1,1395179,83,0.05554,-0.04109,0.05554,-0.04109,0
11,2,106,20.00000,7.51754,2.73616,regular,0,True,10.00000,18.50000,-1.50000,2608,1,1395196,100,0.05554,-0.04109,0.05554,-0.04109,0
11,2,106,20.00000,7.51754,2.73616,regular,0,True,10.00000,18.50000,-1.50000,2608,1,1395212,116,0.05554,-0.04109,0.05554,-0.04109,0
11,2,106,20.00000,7.51754,2.73616,regular,0,True,10.00000,18.50000,-1.50000,2608,1,1395229,133,0.05554,-0.04109,0.05554,-0.04109,0
11,2,106,20.00000,7.51754,2.73616,regular,0,True,10.00000,18.50000,-1.50000,2608,1,1395246,150,0.05554,-0.04109,0.05554,-0.04109,0
11,2,106,20.00000,7.51754,2.73616,regular,0,True,10.00000,18.50000,-1.50000,2608,1,1395262,166,0.05554,-0.04109,0.05554,-0.04109,0
11,2,106,20.00000,7.51754,2.73616,regular,0,True,10.00000,18.50000,-1.50000,2608,1,1395279,183,0.05554,-0.04109,0.05554,-0.04109,0
11,2,106,20.00000,7.51754,2.73616,regular,0,True,10.00000,18.50000,-1.50000,2608,1,1395296,200,0.05554,-0.04109,0.05554,-0.04109,0
11,2,106,20.00000,7.51754,2.73616,regular,0,True,10.00000,18.50000,-1.50000,2608,1,1395312,216,0.05554,-0.04109,0.05554,-0.04109,0
11,2,106,20.00000,7.51754,2.73616,regular,0,True,10.00000,18.50000,-1.50000,2608,1,1395329,233,0.05554,-0.04109,0.05554,-0.04109,0
11,2,106,20.00000,7.51754,2.73616,regular,0,True,10.00000,18.50000,-1.50000,2608,1,1395346,250,0.05554,-0.04109,0.05554,-0.04109,0
11,2,106,20.00000,7.51754,2.73616,regular,0,True,10.00000,18.50000,-1.50000,2608,1,1395363,267,0.05554,-0.04109,0.05554,-0.04109,0
11,2,106,20.00000,7.51754,2.73616,regular,0,True,10.00000,18.50000,-1.50000,2608,1,1395379,283,0.05554,-0.04109,0.05554,-0.04109,0
11,2,106,20.00000,7.51754,2.73616,regular,0,True,10.00000,18.50000,-1.50000,2608,1,1395396,300,0.05554,-0.04109,0.05554,-0.04109,0
11,2,106,20.00000,7.51754,2.73616,regular,0,True,10.00000,18.50000,-1.50000,2608,1,1395412,316,0.05554,-0.04109,0.05554,-0.04109,0
11,2,106,20.00000,7.51754,2.73616,regular,0,True,10.00000,18.50000,-1.50000,2608,1,1395429,333,0.05554,-0.04109,0.05554,-0.04109,0
11,2,106,20.00000,7.51754,2.73616,regular,0,True,10.00000,18.50000,-1.50000,2608,1,1395446,350,0.05554,-0.04109,0.05554,-0.04109,0
11,2,106,20.00000,7.51754,2.73616,regular,0,True,10.00000,18.50000,-1.50000,2608,2,1395463,367,0.05554,-0.04109,0.05554,-0.04109,0
11,2,106,20.00000,7.51754,2.73616,regular,0,True,10.00000,18.50000,-1.50000,2608,2,1395479,383,0.05554,-0.04109,0.05554,-0.04109,0
11,2,106,20.00000,7.51754,2.73616,regular,0,True,10.00000,18.50000,-1.50000,2608,2,1395496,400,0.05554,-0.04109,0.05554,-0.04109,0
11,2,106,20.00000,7.51754,2.73616,regular,0,True,10.00000,18.50000,-1.50000,2608,2,1395513,417,0.05554,-0.04109,0.05554,-0.04109,0
11,2,106,20.00000,7.51754,2.73616,regular,0,True,10.00000,18.50000,-1.50000,2608,2,1395529,433,0.05554,-0.04109,0.05554,-0.04109,0
11,2,106,20.00000,7.51754,2.73616,regular,0,True,10.00000,18.50000,-1.50000,2608,2,1395546,450,0.05554,-0.04109,0.05554,-0.04109,0
11,2,106,20.00000,7.51754,2.73616,regular,0,True,10.00000,18.50000,-1.50000,2608,2,1395563,467,0.05554,-0.04109,0.05554,-0.04109,0
11,2,106,20.00000,7.51754,2.73616,regular,0,True,10.00000,18.50000,-1.50000,2608,2,1395579,483,0.05554,-0.04109,0.05554,-0.04109,0
11,2,106,20.00000,7.51754,2.73616,regular,0,True,10.00000,18.50000,-1.50000,2608,2,1395596,500,0.05554,-0.04109,0.05554,-0.04109,0
11,2,106,20.00000,7.51754,2.73616,regular,0,True,10.00000,18.50000,-1.50000,2608,2,1395613,517,0.05554,-0.04109,0.05554,-0.04109,0
11,2,106,20.00000,7.51754,2.73616,regular,0,True,10.00000,18.50000,-1.50000,2608,2,1395629,533,0.05554,-0.04109,0.05554,-0.04109,0
11,2,106,20.00000,7.51754,2.73616,regular,0,True,10.00000,18.50000,-1.50000,2608,2,1395646,550,0.05554,-0.04109,0.05554,-0.04109,0
11,2,106,20.00000,7.51754,2.73616,regular,0,True,10.00000,18.50000,-1.50000,2608,2,1395663,567,0.05554,-0.04109,0.05554,-0.04109,0
11,2,106,20.00000,7.51754,2.73616,regular,0,True,10.00000,18.50000,-1.50000,2608,2,1395679,583,0.05554,-0.04109,0.05554,-0.04109,0
11,2,106,20.00000,7.51754,2.73616,regular,0,True,10.00000,18.50000,-1.50000,2608,2,1395696,600,0.05554,-0.04109,0.05554,-0.04109,0
11,2,106,20.00000,7.51754,2.73616,regular,0,True,10.00000,18.50000,-1.50000,2608,2,1395713,617,0.05554,-0.04109,0.05554,-0.04109,0
11,2,106,20.00000,7.51754,2.73616,regular,0,True,10.00000,18.50000,-1.50000,2608,2,1395729,633,0.05554,-0.04109,0.05554,-0.04109,0
11,2,106,20.00000,7.51754,2.73616,regular,0,True,10.00000,18.50000,-1.50000,2608,2,1395746,650,0.05554,-0.04109,0.05554,-0.04109,0
11,2,106,20.00000,7.51754,2.73616,regular,0,True,10.00000,18.50000,-1.50000,2608,2,1395763,667,0.05554,-0.04109,0.05554,-0.04109,0
11,2,106,20.00000,7.51754,2.73616,regular,0,True,10.00000,18.50000,-1.50000,2608,2,1395779,683,0.05554,-0.04109,0.05554,-0.04109,0
11,2,106,20.00000,7.51754,2.73616,regular,0,True,10.00000,18.50000,-1.50000,2608,2,1395796,700,0.05554,-0.04109,0.05554,-0.04109,0
11,2,106,20.00000,7.51754,2.73616,regular,0,True,10.00000,18.50000,-1.50000,2608,2,1395813,717,0.05554,-0.04109,0.05554,-0.04109,0
11,2,106,20.00000,7.51754,2.73616,regular,0,True,10.00000,18.50000,-1.50000,2608,2,1395829,733,0.05554,-0.04109,0.05554,-0.04109,0
11,2,106,20.00000,7.51754,2.73616,regular,0,True,10.00000,18.50000,-1.50000,2608,2,1395846,750,0.05554,-0.04109,0.05554,-0.04109,0
11,2,106,20.00000,7.51754,2.73616,regular,0,True,10.00000,18.50000,-1.50000,2608,2,1395863,767,0.05554,-0.04109,0.05554,-0.04109,0
11,2,106,20.00000,7.51754,2.73616,regular,0,True,10.00000,18.50000,-1.50000,2608,2,1395879,783,0.05554,-0.04109,0.05554,-0.04109,0
11,2,106,20.00000,7.51754,2.73616,regular,0,True,10.00000,18.50000,-1.50000,2608,2,1395896,800,0.05554,-0.04109,0.05554,-0.04109,0
11,2,106,20.00000,7.51754,2.73616,regular,0,True,10.00000,18.50000,-1.50000,2608,2,1395913,817,0.05554,-0.04109,0.05554,-0.04109,0
11,2,106,20.00000,7.51754,2.73616,regular,0,True,10.00000,18.50000,-1.50000,2608,2,1395929,833,0.05554,-0.04109,0.05554,-0.04109,0
11,2,106,20.00000,7.51754,2.73616,regular,0,True,10.00000,18.50000,-1.50000,2608,2,1395946,850,0.05554,-0.04109,0.05554,-0.04109,0
11,2,106,20.00000,7.51754,2.73616,regular,0,True,10.00000,18.50000,-1.50000,2608,2,1395963,867,0.05554,-0.04109,0.05554,-0.04109,0
11,2,106,20.00000,7.51754,2.73616,regular,0,True,10.00000,18.50000,-1.50000,2608,2,1395979,883,0.05554,-0.04109,0.05554,-0.04109,0
11,2,106,20.00000,7.51754,2.73616,regular,0,True,10.00000,18.50000,-1.50000,2608,2,1395996,900,0.05554,-0.04109,0.05554,-0.04109,0
11,2,106,20.00000,7.51754,2.73616,regular,0,True,10.00000,18.50000,-1.50000,2608,2,1396013,917,0.05554,-0.04109,0.05554,-0.04109,0
11,2,106,20.00000,7.51754,2.73616,regular,0,True,10.00000,18.50000,-1.50000,2608,2,1396030,934,0.05554,-0.04109,0.05554,-0.04109,0
11,2,106,20.00000,7.51754,2.73616,regular,0,True,10.00000,18.50000,-1.50000,2608,2,1396046,950,0.05554,-0.04109,0.05554,-0.04109,0
11,2,106,20.00000,7.51754,2.73616,regular,0,True,10.00000,18.50000,-1.50000,2608,2,1396063,967,0.05554,-0.04109,0.05554,-0.04109,0
11,2,106,20.00000,7.51754,2.73616,regular,0,True,10.00000,18.50000,-1.50000,2608,2,1396080,984,0.05554,-0.04109,0.05554,-0.04109,0
11,2,106,20.00000,7.51754,2.73616,regular,0,True,10.00000,18.50000,-1.50000,2608,2,1396096,1000,0.07405,-0.02054,0.07405,-0.02054,0
11,2,106,20.00000,7.51754,2.73616,regular,0,True,10.00000,18.50000,-1.50000,2608,2,1396113,1017,0.09256,-0.02054,0.09256,-0.02054,0
11,2,106,20.00000,7.51754,2.73616,regular,0,True,10.00000,18.50000,-1.50000,2608,2,1396130,1034,0.11107,0.00000,0.11107,0.00000,0
11,2,106,20.00000,7.51754,2.73616,regular,0,True,10.00000,18.50000,-1.50000,2608,2,1396146,1050,0.14810,0.02054,0.14810,0.02054,0
11,2,106,20.00000,7.51754,2.73616,regular,0,True,10.00000,18.50000,-1.50000,2608,2,1396163,1067,0.16661,0.02054,0.16661,0.02054,0
11,2,106,20.00000,7.51754,2.73616,regular,0,True,10.00000,18.50000,-1.50000,2608,2,1396180,1084,0.20363,0.04109,0.20363,0.04109,0
11,2,106,20.00000,7.51754,2.73616,regular,0,True,10.00000,18.50000,-1.50000,2608,2,1396196,1100,0.24065,0.04109,0.24065,0.04109,0
11,2,106,20.00000,7.51754,2.73616,regular,0,True,10.00000,18.50000,-1.50000,2608,2,1396213,1117,0.25917,0.06163,0.25917,0.06163,0
11,2,106,20.00000,7.51754,2.73616,regular,0,True,10.00000,18.50000,-1.50000,2608,2,1396230,1134,0.29619,0.06163,0.29619,0.06163,0
11,2,106,20.00000,7.51754,2.73616,regular,0,True,10.00000,18.50000,-1.50000,2608,2,1396246,1150,0.31470,0.08217,0.31470,0.08217,0
11,2,106,20.00000,7.51754,2.73616,regular,0,True,10.00000,18.50000,-1.50000,2608,2,1396263,1167,0.33321,0.08217,0.33321,0.08217,0
11,2,106,20.00000,7.51754,2.73616,regular,0,True,10.00000,18.50000,-1.50000,2608,2,1396280,1184,0.37024,0.10271,0.37024,0.10271,0
11,2,106,20.00000,7.51754,2.73616,regular,0,True,10.00000,18.50000,-1.50000,2608,2,1396296,1200,0.38875,0.10271,0.38875,0.10271,0
11,2,106,20.00000,7.51754,2.73616,regular,0,True,10.00000,18.50000,-1.50000,2608,2,1396313,1217,0.42577,0.12326,0.42577,0.12326,0
11,2,106,20.00000,7.51754,2.73616,regular,0,True,10.00000,18.50000,-1.50000,2608,2,1396330,1234,0.46280,0.12326,0.46280,0.12326,0
11,2,106,20.00000,7.51754,2.73616,regular,0,True,10.00000,18.50000,-1.50000,2608,2,1396346,1250,0.48131,0.14380,0.48131,0.14380,0
11,2,106,20.00000,7.51754,2.73616,regular,0,True,10.00000,18.50000,-1.50000,2608,2,1396363,1267,0.51833,0.14380,0.51833,0.14380,0
11,2,106,20.00000,7.51754,2.73616,regular,0,True,10.00000,18.50000,-1.50000,2608,2,1396380,1284,0.55536,0.16434,0.55536,0.16434,0
11,2,106,20.00000,7.51754,2.73616,regular,0,True,10.00000,18.50000,-1.50000,2608,2,1396396,1300,0.59238,0.18489,0.59238,0.18489,0
11,2,106,20.00000,7.51754,2.73616,regular,0,True,10.00000,18.50000,-1.50000,2608,2,1396413,1317,0.62940,0.20543,0.62940,0.20543,0
11,2,106,20.00000,7.51754,2.73616,regular,0,True,10.00000,18.50000,-1.50000,2608,2,1396430,1334,0.68494,0.24652,0.68494,0.24652,0
11,2,106,20.00000,7.51754,2.73616,regular,0,True,10.00000,18.50000,-1.50000,2608,2,1396446,1350,0.74048,0.26706,0.74048,0.26706,0
11,2,106,20.00000,7.51754,2.73616,regular,0,True,10.00000,18.50000,-1.50000,2608,2,1396463,1367,0.81452,0.30814,0.81452,0.30814,0
11,2,106,20.00000,7.51754,2.73616,regular,0,True,10.00000,18.50000,-1.50000,2608,2,1396480,1384,0.87006,0.32869,0.87006,0.32869,0
11,2,106,20.00000,7.51754,2.73616,regular,0,True,10.00000,18.50000,-1.50000,2608,2,1396497,1401,0.92560,0.34923,0.92560,0.34923,0
11,2,106,20.00000,7.51754,2.73616,regular,0,True,10.00000,18.50000,-1.50000,2608,2,1396513,1417,0.99964,0.39032,0.99964,0.39032,0
11,2,106,20.00000,7.51754,2.73616,regular,0,True,10.00000,18.50000,-1.50000,2608,2,1396530,1434,1.05518,0.41086,1.05518,0.41086,0
11,2,106,20.00000,7.51754,2.73616,regular,0,True,10.00000,18.50000,-1.50000,2608,2,1396547,1451,1.11071,0.43140,1.11071,0.43140,0
11,2,106,20.00000,7.51754,2.73616,regular,0,True,10.00000,18.50000,-1.50000,2608,2,1396563,1467,1.16625,0.45195,1.16625,0.45195,0
11,2,106,20.00000,7.51754,2.73616,regular,0,True,10.00000,18.50000,-1.50000,2608,2,1396580,1484,1.20327,0.47249,1.20327,0.47249,0
11,2,106,20.00000,7.51754,2.73616,regular,0,True,10.00000,18.50000,-1.50000,2608,2,1396597,1501,1.25881,0.49303,1.25881,0.49303,0
11,2,106,20.00000,7.51754,2.73616,regular,0,True,10.00000,18.50000,-1.50000,2608,2,1396613,1517,1.31435,0.51357,1.31435,0.51357,0
11,2,106,20.00000,7.51754,2.73616,regular,0,True,10.00000,18.50000,-1.50000,2608,2,1396630,1534,1.35137,0.53412,1.35137,0.53412,0
11,2,106,20.00000,7.51754,2.73616,regular,0,True,10.00000,18.50000,-1.50000,2608,2,1396647,1551,1.40690,0.55466,1.40690,0.55466,0
11,2,106,20.00000,7.51754,2.73616,regular,0,True,10.00000,18.50000,-1.50000,2608,2,1396663,1567,1.46244,0.57520,1.46244,0.57520,0
11,2,106,20.00000,7.51754,2.73616,regular,0,True,10.00000,18.50000,-1.50000,2608,2,1396680,1584,1.49946,0.59575,1.49946,0.59575,0
11,2,106,20.00000,7.51754,2.73616,regular,0,True,10.00000,18.50000,-1.50000,2608,2,1396697,1601,1.55500,0.61629,1.55500,0.61629,0
11,2,106,20.00000,7.51754,2.73616,regular,0,True,10.00000,18.50000,-1.50000,2608,2,1396713,1617,1.59202,0.63683,1.59202,0.63683,0
11,2,106,20.00000,7.51754,2.73616,regular,0,True,10.00000,18.50000,-1.50000,2608,2,1396730,1634,1.64756,0.65737,1.64756,0.65737,0
11,2,106,20.00000,7.51754,2.73616,regular,0,True,10.00000,18.50000,-1.50000,2608,2,1396747,1651,1.68458,0.67792,1.68458,0.67792,0
11,2,106,20.00000,7.51754,2.73616,regular,0,True,10.00000,18.50000,-1.50000,2608,2,1396764,1668,1.75863,0.69846,1.75863,0.69846,0
11,2,106,20.00000,7.51754,2.73616,regular,0,True,10.00000,18.50000,-1.50000,2608,2,1396780,1684,1.81417,0.71900,1.81417,0.71900,0
11,2,106,20.00000,7.51754,2.73616,regular,0,True,10.00000,18.50000,-1.50000,2608,2,1396797,1701,1.85119,0.73955,1.85119,0.73955,0
11,2,106,20.00000,7.51754,2.73616,regular,0,True,10.00000,18.50000,-1.50000,2608,2,1396813,1717,1.88821,0.76009,1.88821,0.76009,1
11,2,106,20.00000,7.51754,2.73616,regular,0,True,10.00000,18.50000,-1.50000,2608,2,1396830,1734,1.94375,0.78063,1.94375,0.78063,0
11,2,106,20.00000,7.51754,2.73616,regular,0,True,10.00000,18.50000,-1.50000,2608,2,1396847,1751,1.99929,0.80118,1.99929,0.80118,0
11,2,106,20.00000,7.51754,2.73616,regular,0,True,10.00000,18.50000,-1.50000,2608,2,1396863,1767,2.05482,0.82172,2.05482,0.82172,0
11,2,106,20.00000,7.51754,2.73616,regular,0,True,10.00000,18.50000,-1.50000,2608,2,1396880,1784,2.11036,0.84226,2.11036,0.84226,0
11,2,106,20.00000,7.51754,2.73616,regular,0,True,10.00000,18.50000,-1.50000,2608,2,1396897,1801,2.16589,0.86280,2.16589,0.86280,0
11,2,106,20.00000,7.51754,2.73616,regular,0,True,10.00000,18.50000,-1.50000,2608,2,1396914,1818,2.22143,0.88335,2.22143,0.88335,0
11,2,106,20.00000,7.51754,2.73616,regular,0,True,10.00000,18.50000,-1.50000,2608,2,1396930,1834,2.27696,0.90389,2.27696,0.90389,0
11,2,106,20.00000,7.51754,2.73616,regular,0,True,10.00000,18.50000,-1.50000,2608,2,1396947,1851,2.33250,0.94498,2.33250,0.94498,0
11,2,106,20.00000,7.51754,2.73616,regular,0,True,10.00000,18.50000,-1.50000,2608,2,1396964,1868,2.38804,0.96552,2.38804,0.96552,0
11,2,106,20.00000,7.51754,2.73616,regular,0,True,10.00000,18.50000,-1.50000,2608,2,1396980,1884,2.44357,0.98606,2.44357,0.98606,0
11,2,106,20.00000,7.51754,2.73616,regular,0,True,10.00000,18.50000,-1.50000,2608,2,1396997,1901,2.51762,1.00661,2.51762,1.00661,0
11,2,106,20.00000,7.51754,2.73616,regular,0,True,10.00000,18.50000,-1.50000,2608,2,1397014,1918,2.57315,1.02715,2.57315,1.02715,0
11,2,106,20.00000,7.51754,2.73616,regular,0,True,10.00000,18.50000,-1.50000,2608,2,1397030,1934,2.64720,1.04769,2.64720,1.04769,0
11,2,106,20.00000,7.51754,2.73616,regular,0,True,10.00000,18.50000,-1.50000,2608,2,1397046,1950,2.70274,1.06823,2.70274,1.06823,0
11,2,106,20.00000,7.51754,2.73616,regular,0,True,10.00000,18.50000,-1.50000,2608,2,1397063,1967,2.77679,1.08878,2.77679,1.08878,0
11,2,106,20.00000,7.51754,2.73616,regular,0,True,10.00000,18.50000,-1.50000,2608,2,1397080,1984,2.83232,1.12986,2.83232,1.12986,0
11,2,106,20.00000,7.51754,2.73616,regular,0,True,10.00000,18.50000,-1.50000,2608,2,1397097,2001,2.90637,1.15041,2.90637,1.15041,0
11,2,106,20.00000,7.51754,2.73616,regular,0,True,10.00000,18.50000,-1.50000,2608,2,1397113,2017,2.98042,1.17095,2.98042,1.17095,0
11,2,106,20.00000,7.51754,2.73616,regular,0,True,10.00000,18.50000,-1.50000,2608,2,1397130,2034,3.07298,1.21203,3.07298,1.21203,0
11,2,106,20.00000,7.51754,2.73616,regular,0,True,10.00000,18.50000,-1.50000,2608,2,1397147,2051,3.12851,1.23258,3.12851,1.23258,0
11,2,106,20.00000,7.51754,2.73616,regular,0,True,10.00000,18.50000,-1.50000,2608,2,1397164,2068,3.20256,1.23258,3.20256,1.23258,0
11,2,106,20.00000,7.51754,2.73616,regular,0,True,10.00000,18.50000,-1.50000,2608,2,1397181,2085,3.27661,1.27366,3.27661,1.27366,0
11,2,106,20.00000,7.51754,2.73616,regular,0,True,10.00000,18.50000,-1.50000,2608,2,1397197,2101,3.33214,1.29421,3.33214,1.29421,0
11,2,106,20.00000,7.51754,2.73616,regular,0,True,10.00000,18.50000,-1.50000,2608,2,1397214,2118,3.36917,1.29421,3.36917,1.29421,0
11,2,106,20.00000,7.51754,2.73616,regular,0,True,10.00000,18.50000,-1.50000,2608,2,1397230,2134,3.40619,1.29421,3.40619,1.29421,0
11,2,106,20.00000,7.51754,2.73616,regular,0,True,10.00000,18.50000,-1.50000,2608,2,1397247,2151,3.42470,1.31475,3.42470,1.31475,0
11,2,106,20.00000,7.51754,2.73616,regular,0,True,10.00000,18.50000,-1.50000,2608,2,1397264,2168,3.44321,1.31475,3.44321,1.31475,0
11,2,106,20.00000,7.51754,2.73616,regular,0,True,10.00000,18.50000,-1.50000,2608,2,1397280,2184,3.44321,1.31475,3.44321,1.31475,0
11,2,106,20.00000,7.51754,2.73616,regular,0,True,10.00000,18.50000,-1.50000,2608,2,1397297,2201,3.46173,1.31475,3.46173,1.31475,0
11,2,106,20.00000,7.51754,2.73616,regular,0,True,10.00000,18.50000,-1.50000,2608,2,1397314,2218,3.46173,1.31475,3.46173,1.31475,0
11,2,106,20.00000,7.51754,2.73616,regular,0,True,10.00000,18.50000,-1.50000,2608,2,1397331,2235,3.48024,1.33529,3.48024,1.33529,0
11,2,106,20.00000,7.51754,2.73616,regular,0,True,10.00000,18.50000,-1.50000,2608,2,1397347,2251,3.49875,1.33529,3.49875,1.33529,0
11,2,106,20.00000,7.51754,2.73616,regular,0,True,10.00000,18.50000,-1.50000,2608,2,1397364,2268,3.51726,1.35584,3.51726,1.35584,0
11,2,106,20.00000,7.51754,2.73616,regular,0,True,10.00000,18.50000,-1.50000,2608,2,1397381,2285,3.53577,1.35584,3.53577,1.35584,0
11,2,106,20.00000,7.51754,2.73616,regular,0,True,10.00000,18.50000,-1.50000,2608,2,1397397,2301,3.55429,1.37638,3.55429,1.37638,0
11,2,106,20.00000,7.51754,2.73616,regular,0,True,10.00000,18.50000,-1.50000,2608,2,1397414,2318,3.60982,1.37638,3.60982,1.37638,0
11,2,106,20.00000,7.51754,2.73616,regular,0,True,10.00000,18.50000,-1.50000,2608,2,1397431,2335,3.66536,1.39692,3.66536,1.39692,0
11,2,106,20.00000,7.51754,2.73616,regular,0,True,10.00000,18.50000,-1.50000,2608,2,1397447,2351,3.72089,1.41746,3.72089,1.41746,0
11,2,106,20.00000,7.51754,2.73616,regular,0,True,10.00000,18.50000,-1.50000,2608,2,1397464,2368,3.77643,1.43801,3.77643,1.43801,0
11,2,106,20.00000,7.51754,2.73616,regular,0,True,10.00000,18.50000,-1.50000,2608,2,1397481,2385,3.83196,1.43801,3.83196,1.43801,0
11,2,106,20.00000,7.51754,2.73616,regular,0,True,10.00000,18.50000,-1.50000,2608,2,1397498,2402,3.92452,1.45855,3.92452,1.45855,0
11,2,106,20.00000,7.51754,2.73616,regular,0,True,10.00000,18.50000,-1.50000,2608,2,1397514,2418,3.99857,1.47909,3.99857,1.47909,0
11,2,106,20.00000,7.51754,2.73616,regular,0,True,10.00000,18.50000,-1.50000,2608,2,1397531,2435,4.09113,1.49964,4.09113,1.49964,0
11,2,106,20.00000,7.51754,2.73616,regular,0,True,10.00000,18.50000,-1.50000,2608,2,1397547,2451,4.16518,1.52018,4.16518,1.52018,0
11,2,106,20.00000,7.51754,2.73616,regular,0,True,10.00000,18.50000,-1.50000,2608,2,1397564,2468,4.23923,1.52018,4.23923,1.52018,0
11,2,106,20.00000,7.51754,2.73616,regular,0,True,10.00000,18.50000,-1.50000,2608,2,1397581,2485,4.31327,1.54072,4.31327,1.54072,0
11,2,106,20.00000,7.51754,2.73616,regular,0,True,10.00000,18.50000,-1.50000,2608,2,1397598,2502,4.38732,1.56127,4.38732,1.56127,0
11,2,106,20.00000,7.51754,2.73616,regular,0,True,10.00000,18.50000,-1.50000,2608,2,1397614,2518,4.46137,1.58181,4.46137,1.58181,0
11,2,106,20.00000,7.51754,2.73616,regular,0,True,10.00000,18.50000,-1.50000,2608,2,1397631,2535,4.51690,1.58181,4.51690,1.58181,0
11,2,106,20.00000,7.51754,2.73616,regular,0,True,10.00000,18.50000,-1.50000,2608,2,1397647,2551,4.59095,1.60235,4.59095,1.60235,0
11,2,106,20.00000,7.51754,2.73616,regular,0,True,10.00000,18.50000,-1.50000,2608,2,1397664,2568,4.64649,1.62289,4.64649,1.62289,0
11,2,106,20.00000,7.51754,2.73616,regular,0,True,10.00000,18.50000,-1.50000,2608,2,1397681,2585,4.72054,1.64344,4.72054,1.64344,0
11,2,106,20.00000,7.51754,2.73616,regular,0,True,10.00000,18.50000,-1.50000,2608,2,1397697,2601,4.75756,1.66398,4.75756,1.66398,0
11,2,106,20.00000,7.51754,2.73616,regular,0,True,10.00000,18.50000,-1.50000,2608,2,1397714,2618,4.79458,1.66398,4.79458,1.66398,0
11,2,106,20.00000,7.51754,2.73616,regular,0,True,10.00000,18.50000,-1.50000,2608,2,1397731,2635,4.85012,1.68452,4.85012,1.68452,0
11,2,106,20.00000,7.51754,2.73616,regular,0,True,10.00000,18.50000,-1.50000,2608,2,1397748,2652,4.88714,1.70507,4.88714,1.70507,0
11,2,106,20.00000,7.51754,2.73616,regular,0,True,10.00000,18.50000,-1.50000,2608,2,1397764,2668,4.94268,1.72561,4.94268,1.72561,0
11,2,106,20.00000,7.51754,2.73616,regular,0,True,10.00000,18.50000,-1.50000,2608,2,1397781,2685,4.97970,1.72561,4.97970,1.72561,0
11,2,106,20.00000,7.51754,2.73616,regular,0,True,10.00000,18.50000,-1.50000,2608,2,1397797,2701,5.01673,1.74615,5.01673,1.74615,0
11,2,106,20.00000,7.51754,2.73616,regular,0,True,10.00000,18.50000,-1.50000,2608,2,1397814,2718,5.05375,1.74615,5.05375,1.74615,0
11,2,106,20.00000,7.51754,2.73616,regular,0,True,10.00000,18.50000,-1.50000,2608,2,1397831,2735,5.10929,1.76669,5.10929,1.76669,0
11,2,106,20.00000,7.51754,2.73616,regular,0,True,10.00000,18.50000,-1.50000,2608,2,1397848,2752,5.14631,1.76669,5.14631,1.76669,0
11,2,106,20.00000,7.51754,2.73616,regular,0,True,10.00000,18.50000,-1.50000,2608,2,1397864,2768,5.18333,1.78724,5.18333,1.78724,0
11,2,106,20.00000,7.51754,2.73616,regular,0,True,10.00000,18.50000,-1.50000,2608,2,1397881,2785,5.22036,1.78724,5.22036,1.78724,0
11,2,106,20.00000,7.51754,2.73616,regular,0,True,10.00000,18.50000,-1.50000,2608,2,1397898,2802,5.25738,1.80778,5.25738,1.80778,0
11,2,106,20.00000,7.51754,2.73616,regular,0,True,10.00000,18.50000,-1.50000,2608,2,1397914,2818,5.29440,1.82832,5.29440,1.82832,0
11,2,106,20.00000,7.51754,2.73616,regular,0,True,10.00000,18.50000,-1.50000,2608,2,1397931,2835,5.33143,1.82832,5.33143,1.82832,0
11,2,106,20.00000,7.51754,2.73616,regular,0,True,10.00000,18.50000,-1.50000,2608,2,1397948,2852,5.36845,1.84887,5.36845,1.84887,0
11,2,106,20.00000,7.51754,2.73616,regular,0,True,10.00000,18.50000,-1.50000,2608,2,1397964,2868,5.38696,1.84887,5.38696,1.84887,0
11,2,106,20.00000,7.51754,2.73616,regular,0,True,10.00000,18.50000,-1.50000,2608,2,1397981,2885,5.44250,1.86941,5.44250,1.86941,0
11,2,106,20.00000,7.51754,2.73616,regular,0,True,10.00000,18.50000,-1.50000,2608,2,1397998,2902,5.46101,1.88995,5.46101,1.88995,0
11,2,106,20.00000,7.51754,2.73616,regular,0,True,10.00000,18.50000,-1.50000,2608,2,1398014,2918,5.49804,1.91050,5.49804,1.91050,0
11,2,106,20.00000,7.51754,2.73616,regular,0,True,10.00000,18.50000,-1.50000,2608,2,1398031,2935,5.53506,1.91050,5.53506,1.91050,0
11,2,106,20.00000,7.51754,2.73616,regular,0,True,10.00000,18.50000,-1.50000,2608,2,1398048,2952,5.55357,1.93104,5.55357,1.93104,0
11,2,106,20.00000,7.51754,2.73616,regular,0,True,10.00000,18.50000,-1.50000,2608,2,1398064,2968,5.59060,1.95158,5.59060,1.95158,0
11,2,106,20.00000,7.51754,2.73616,regular,0,True,10.00000,18.50000,-1.50000,2608,2,1398081,2985,5.60911,1.95158,5.60911,1.95158,0
11,2,106,20.00000,7.51754,2.73616,regular,0,True,10.00000,18.50000,-1.50000,2608,2,1398098,3002,5.64613,1.97212,5.64613,1.97212,0
11,2,106,20.00000,7.51754,2.73616,regular,0,True,10.00000,18.50000,-1.50000,2608,2,1398114,3018,5.68315,1.97212,5.68315,1.97212,0
11,2,106,20.00000,7.51754,2.73616,regular,0,True,10.00000,18.50000,-1.50000,2608,2,1398131,3035,5.70167,1.99267,5.70167,1.99267,0
11,2,106,20.00000,7.51754,2.73616,regular,0,True,10.00000,18.50000,-1.50000,2608,2,1398148,3052,5.73869,2.01321,5.73869,2.01321,0
11,2,106,20.00000,7.51754,2.73616,regular,0,True,10.00000,18.50000,-1.50000,2608,2,1398165,3069,5.77571,2.01321,5.77571,2.01321,0
11,2,106,20.00000,7.51754,2.73616,regular,0,True,10.00000,18.50000,-1.50000,2608,2,1398181,3085,5.79423,2.03375,5.79423,2.03375,0
11,2,106,20.00000,7.51754,2.73616,regular,0,True,10.00000,18.50000,-1.50000,2608,2,1398198,3102,5.83125,2.03375,5.83125,2.03375,0
11,2,106,20.00000,7.51754,2.73616,regular,0,True,10.00000,18.50000,-1.50000,2608,2,1398215,3119,5.86827,2.05430,5.86827,2.05430,0
11,2,106,20.00000,7.51754,2.73616,regular,0,True,10.00000,18.50000,-1.50000,2608,2,1398231,3135,5.90530,2.07484,5.90530,2.07484,0
11,2,106,20.00000,7.51754,2.73616,regular,0,True,10.00000,18.50000,-1.50000,2608,2,1398248,3152,5.94232,2.07484,5.94232,2.07484,0
11,2,106,20.00000,7.51754,2.73616,regular,0,True,10.00000,18.50000,-1.50000,2608,2,1398265,3169,5.97934,2.09538,5.97934,2.09538,0
11,2,106,20.00000,7.51754,2.73616,regular,0,True,10.00000,18.50000,-1.50000,2608,2,1398281,3185,6.01637,2.11593,6.01637,2.11593,0
11,2,106,20.00000,7.51754,2.73616,regular,0,True,10.00000,18.50000,-1.50000,2608,2,1398298,3202,6.05339,2.13647,6.05339,2.13647,0
11,2,106,20.00000,7.51754,2.73616,regular,0,True,10.00000,18.50000,-1.50000,2608,2,1398315,3219,6.10893,2.13647,6.10893,2.13647,0
11,2,106,20.00000,7.51754,2.73616,regular,0,True,10.00000,18.50000,-1.50000,2608,2,1398331,3235,6.16446,2.15701,6.16446,2.15701,0
11,2,106,20.00000,7.51754,2.73616,regular,0,True,10.00000,18.50000,-1.50000,2608,2,1398348,3252,6.20149,2.17755,6.20149,2.17755,0
11,2,106,20.00000,7.51754,2.73616,regular,0,True,10.00000,18.50000,-1.50000,2608,2,1398365,3269,6.25702,2.19810,6.25702,2.19810,0
11,2,106,20.00000,7.51754,2.73616,regular,0,True,10.00000,18.50000,-1.50000,2608,2,1398381,3285,6.29405,2.21864,6.29405,2.21864,0
11,2,106,20.00000,7.51754,2.73616,regular,0,True,10.00000,18.50000,-1.50000,2608,2,1398398,3302,6.36810,2.23918,6.36810,2.23918,0
11,2,106,20.00000,7.51754,2.73616,regular,0,True,10.00000,18.50000,-1.50000,2608,2,1398415,3319,6.42363,2.25973,6.42363,2.25973,0
11,2,106,20.00000,7.51754,2.73616,regular,0,True,10.00000,18.50000,-1.50000,2608,2,1398431,3335,6.47917,2.28027,6.47917,2.28027,0
11,2,106,20.00000,7.51754,2.73616,regular,0,True,10.00000,18.50000,-1.50000,2608,2,1398448,3352,6.51619,2.30081,6.51619,2.30081,0
11,2,106,20.00000,7.51754,2.73616,regular,0,True,10.00000,18.50000,-1.50000,2608,2,1398465,3369,6.57173,2.32135,6.57173,2.32135,0
11,2,106,20.00000,7.51754,2.73616,regular,0,True,10.00000,18.50000,-1.50000,2608,2,1398482,3386,6.62726,2.34190,6.62726,2.34190,0
11,2,106,20.00000,7.51754,2.73616,regular,0,True,10.00000,18.50000,-1.50000,2608,2,1398498,3402,6.68280,2.34190,6.68280,2.34190,0
11,2,106,20.00000,7.51754,2.73616,regular,0,True,10.00000,18.50000,-1.50000,2608,2,1398515,3419,6.71982,2.36244,6.71982,2.36244,0
11,2,106,20.00000,7.51754,2.73616,regular,0,True,10.00000,18.50000,-1.50000,2608,2,1398531,3435,6.77536,2.38298,6.77536,2.38298,0
11,2,106,20.00000,7.51754,2.73616,regular,0,True,10.00000,18.50000,-1.50000,2608,2,1398548,3452,6.84940,2.40353,6.84940,2.40353,0
11,2,106,20.00000,7.51754,2.73616,regular,0,True,10.00000,18.50000,-1.50000,2608,2,1398565,3469,6.92345,2.44461,6.92345,2.44461,0
11,2,106,20.00000,7.51754,2.73616,regular,0,True,10.00000,18.50000,-1.50000,2608,2,1398582,3486,6.96048,2.44461,6.96048,2.44461,0
11,2,106,20.00000,7.51754,2.73616,regular,0,True,10.00000,18.50000,-1.50000,2608,2,1398598,3502,7.01601,2.46516,7.01601,2.46516,0
11,2,106,20.00000,7.51754,2.73616,regular,0,True,10.00000,18.50000,-1.50000,2608,2,1398615,3519,7.07155,2.48570,7.07155,2.48570,0
11,2,106,20.00000,7.51754,2.73616,regular,0,True,10.00000,18.50000,-1.50000,2608,2,1398632,3536,7.12708,2.50624,7.12708,2.50624,0
11,2,106,20.00000,7.51754,2.73616,regular,0,True,10.00000,18.50000,-1.50000,2608,2,1398648,3552,7.18262,2.52678,7.18262,2.52678,0
11,2,106,20.00000,7.51754,2.73616,regular,0,True,10.00000,18.50000,-1.50000,2608,2,1398665,3569,7.21964,2.54733,7.21964,2.54733,0
11,2,106,20.00000,7.51754,2.73616,regular,0,True,10.00000,18.50000,-1.50000,2608,2,1398682,3586,7.25667,2.54733,7.25667,2.54733,0
11,2,106,20.00000,7.51754,2.73616,regular,0,True,10.00000,18.50000,-1.50000,2608,2,1398698,3602,7.29369,2.56787,7.29369,2.56787,0
11,2,106,20.00000,7.51754,2.73616,regular,0,True,10.00000,18.50000,-1.50000,2608,2,1398715,3619,7.33071,2.58841,7.33071,2.58841,0
11,2,106,20.00000,7.51754,2.73616,regular,0,True,10.00000,18.50000,-1.50000,2608,3,1398732,3636,7.34923,2.58841,7.34923,2.58841,0
11,2,106,20.00000,7.51754,2.73616,regular,0,True,10.00000,18.50000,-1.50000,2608,3,1398748,3652,7.38625,2.60896,7.38625,2.60896,0
11,2,106,20.00000,7.51754,2.73616,regular,0,True,10.00000,18.50000,-1.50000,2608,3,1398765,3669,7.40476,2.60896,7.40476,2.60896,0
11,2,106,20.00000,7.51754,2.73616,regular,0,True,10.00000,18.50000,-1.50000,2608,3,1398782,3686,7.42327,2.60896,7.42327,2.60896,0
11,2,106,20.00000,7.51754,2.73616,regular,0,True,10.00000,18.50000,-1.50000,2608,3,1398798,3702,7.44179,2.62950,7.44179,2.62950,0
11,2,106,20.00000,7.51754,2.73616,regular,0,True,10.00000,18.50000,-1.50000,2608,3,1398815,3719,7.46030,2.62950,7.46030,2.62950,0
11,2,106,20.00000,7.51754,2.73616,regular,0,True,10.00000,18.50000,-1.50000,2608,3,1398832,3736,7.47881,2.62950,7.47881,2.62950,0
11,2,106,20.00000,7.51754,2.73616,regular,0,True,10.00000,18.50000,-1.50000,2608,3,1398848,3752,7.49732,2.62950,7.49732,2.62950,0
11,2,106,20.00000,7.51754,2.73616,regular,0,True,10.00000,18.50000,-1.50000,2608,3,1398865,3769,7.51583,2.65004,7.51583,2.65004,0
11,2,106,20.00000,7.51754,2.73616,regular,0,True,10.00000,18.50000,-1.50000,2608,3,1398882,3786,7.53435,2.65004,7.53435,2.65004,0
11,2,106,20.00000,7.51754,2.73616,regular,0,True,10.00000,18.50000,-1.50000,2608,3,1398898,3802,7.53435,2.65004,7.53435,2.65004,0
11,2,106,20.00000,7.51754,2.73616,regular,0,True,10.00000,18.50000,-1.50000,2608,3,1398915,3819,7.53435,2.65004,7.53435,2.65004,0
11,2,106,20.00000,7.51754,2.73616,regular,0,True,10.00000,18.50000,-1.50000,2608,3,1398932,3836,7.53435,2.65004,7.53435,2.65004,0
11,2,106,20.00000,7.51754,2.73616,regular,0,True,10.00000,18.50000,-1.50000,2608,3,1398948,3852,7.53435,2.65004,7.53435,2.65004,0
11,2,106,20.00000,7.51754,2.73616,regular,0,True,10.00000,18.50000,-1.50000,2608,3,1398965,3869,7.53435,2.65004,7.53435,2.65004,0
11,2,106,20.00000,7.51754,2.73616,regular,0,True,10.00000,18.50000,-1.50000,2608,3,1398982,3886,7.53435,2.65004,7.53435,2.65004,0
11,2,106,20.00000,7.51754,2.73616,regular,0,True,10.00000,18.50000,-1.50000,2608,3,1398998,3902,7.53435,2.65004,7.53435,2.65004,0
11,2,106,20.00000,7.51754,2.73616,regular,0,True,10.00000,18.50000,-1.50000,2608,3,1399015,3919,7.53435,2.65004,7.53435,2.65004,0
11,2,106,20.00000,7.51754,2.73616,regular,0,True,10.00000,18.50000,-1.50000,2608,3,1399032,3936,7.53435,2.65004,7.53435,2.65004,0
11,2,106,20.00000,7.51754,2.73616,regular,0,True,10.00000,18.50000,-1.50000,2608,3,1399048,3952,7.53435,2.65004,7.53435,2.65004,0
11,2,106,20.00000,7.51754,2.73616,regular,0,True,10.00000,18.50000,-1.50000,2608,3,1399065,3969,7.53435,2.65004,7.53435,2.65004,0
11,2,106,20.00000,7.51754,2.73616,regular,0,True,10.00000,18.50000,-1.50000,2608,3,1399082,3986,7.53435,2.65004,7.53435,2.65004,0
11,2,106,20.00000,7.51754,2.73616,regular,0,True,10.00000,18.50000,-1.50000,2608,3,1399099,4003,7.53435,2.65004,7.53435,2.65004,0
11,2,106,20.00000,7.51754,2.73616,regular,0,True,10.00000,18.50000,-1.50000,2608,3,1399115,4019,7.53435,2.65004,7.53435,2.65004,0
11,2,106,20.00000,7.51754,2.73616,regular,0,True,10.00000,18.50000,-1.50000,2608,3,1399132,4036,7.53435,2.65004,7.53435,2.65004,0
11,2,106,20.00000,7.51754,2.73616,regular,0,True,10.00000,18.50000,-1.50000,2608,3,1399149,4053,7.53435,2.65004,7.53435,2.65004,0
11,2,106,20.00000,7.51754,2.73616,regular,0,True,10.00000,18.50000,-1.50000,2608,3,1399165,4069,7.53435,2.65004,7.53435,2.65004,0
11,2,106,20.00000,7.51754,2.73616,regular,0,True,10.00000,18.50000,-1.50000,2608,3,1399182,4086,7.51583,2.62950,7.51583,2.62950,0
11,2,106,20.00000,7.51754,2.73616,regular,0,True,10.00000,18.50000,-1.50000,2608,3,1399199,4103,7.51583,2.62950,7.51583,2.62950,0
11,2,106,20.00000,7.51754,2.73616,regular,0,True,10.00000,18.50000,-1.50000,2608,3,1399215,4119,7.49732,2.62950,7.49732,2.62950,0
11,2,106,20.00000,7.51754,2.73616,regular,0,True,10.00000,18.50000,-1.50000,2608,3,1399232,4136,7.49732,2.62950,7.49732,2.62950,0
11,2,106,20.00000,7.51754,2.73616,regular,0,True,10.00000,18.50000,-1.50000,2608,3,1399249,4153,7.47881,2.62950,7.47881,2.62950,0
11,2,106,20.00000,7.51754,2.73616,regular,0,True,10.00000,18.50000,-1.50000,2608,3,1399265,4169,7.46030,2.60896,7.46030,2.60896,0
11,2,106,20.00000,7.51754,2.73616,regular,0,True,10.00000,18.50000,-1.50000,2608,3,1399282,4186,7.42327,2.60896,7.42327,2.60896,0
11,2,106,20.00000,7.51754,2.73616,regular,0,True,10.00000,18.50000,-1.50000,2608,3,1399299,4203,7.40476,2.60896,7.40476,2.60896,0
11,2,106,20.00000,7.51754,2.73616,regular,0,True,10.00000,18.50000,-1.50000,2608,3,1399315,4219,7.38625,2.58841,7.38625,2.58841,0
11,2,106,20.00000,7.51754,2.73616,regular,0,True,10.00000,18.50000,-1.50000,2608,3,1399332,4236,7.34923,2.58841,7.34923,2.58841,0
11,2,106,20.00000,7.51754,2.73616,regular,0,True,10.00000,18.50000,-1.50000,2608,3,1399349,4253,7.31220,2.56787,7.31220,2.56787,0
11,2,106,20.00000,7.51754,2.73616,regular,0,True,10.00000,18.50000,-1.50000,2608,3,1399365,4269,7.29369,2.56787,7.29369,2.56787,0
11,2,106,20.00000,7.51754,2.73616,regular,0,True,10.00000,18.50000,-1.50000,2608,3,1399382,4286,7.25667,2.54733,7.25667,2.54733,0
11,2,106,20.00000,7.51754,2.73616,regular,0,True,10.00000,18.50000,-1.50000,2608,3,1399399,4303,7.23815,2.54733,7.23815,2.54733,0
11,2,106,20.00000,7.51754,2.73616,regular,0,True,10.00000,18.50000,-1.50000,2608,3,1399415,4319,7.20113,2.52678,7.20113,2.52678,0
11,2,106,20.00000,7.51754,2.73616,regular,0,True,10.00000,18.50000,-1.50000,2608,3,1399432,4336,7.16411,2.50624,7.16411,2.50624,0
11,2,106,20.00000,7.51754,2.73616,regular,0,True,10.00000,18.50000,-1.50000,2608,3,1399449,4353,7.10857,2.50624,7.10857,2.50624,0
11,2,106,20.00000,7.51754,2.73616,regular,0,True,10.00000,18.50000,-1.50000,2608,3,1399465,4369,7.07155,2.48570,7.07155,2.48570,0
11,2,106,20.00000,7.51754,2.73616,regular,0,True,10.00000,18.50000,-1.50000,2608,3,1399482,4386,7.01601,2.46516,7.01601,2.46516,0
11,2,106,20.00000,7.51754,2.73616,regular,0,True,10.00000,18.50000,-1.50000,2608,3,1399499,4403,6.96048,2.44461,6.96048,2.44461,0
11,2,106,20.00000,7.51754,2.73616,regular,0,True,10.00000,18.50000,-1.50000,2608,3,1399516,4420,6.90494,2.42407,6.90494,2.42407,0
11,2,106,20.00000,7.51754,2.73616,regular,0,True,10.00000,18.50000,-1.50000,2608,3,1399532,4436,6.84940,2.40353,6.84940,2.40353,0
11,2,106,20.00000,7.51754,2.73616,regular,0,True,10.00000,18.50000,-1.50000,2608,3,1399549,4453,6.79387,2.38298,6.79387,2.38298,0
11,2,106,20.00000,7.51754,2.73616,regular,0,True,10.00000,18.50000,-1.50000,2608,3,1399566,4470,6.73833,2.36244,6.73833,2.36244,0
11,2,106,20.00000,7.51754,2.73616,regular,0,True,10.00000,18.50000,-1.50000,2608,3,1399582,4486,6.66429,2.34190,6.66429,2.34190,0
11,2,106,20.00000,7.51754,2.73616,regular,0,True,10.00000,18.50000,-1.50000,2608,3,1399599,4503,6.60875,2.32135,6.60875,2.32135,0
11,2,106,20.00000,7.51754,2.73616,regular,0,True,10.00000,18.50000,-1.50000,2608,3,1399616,4520,6.55321,2.28027,6.55321,2.28027,0
11,2,106,20.00000,7.51754,2.73616,regular,0,True,10.00000,18.50000,-1.50000,2608,3,1399632,4536,6.49768,2.25973,6.49768,2.25973,0
11,2,106,20.00000,7.51754,2.73616,regular,0,True,10.00000,18.50000,-1.50000,2608,3,1399649,4553,6.42363,2.23918,6.42363,2.23918,0
11,2,106,20.00000,7.51754,2.73616,regular,0,True,10.00000,18.50000,-1.50000,2608,3,1399666,4570,6.38661,2.21864,6.38661,2.21864,0
11,2,106,20.00000,7.51754,2.73616,regular,0,True,10.00000,18.50000,-1.50000,2608,3,1399682,4586,6.31256,2.19810,6.31256,2.19810,0
11,2,106,20.00000,7.51754,2.73616,regular,0,True,10.00000,18.50000,-1.50000,2608,3,1399699,4603,6.25702,2.17755,6.25702,2.17755,0
11,2,106,20.00000,7.51754,2.73616,regular,0,True,10.00000,18.50000,-1.50000,2608,3,1399716,4620,6.20149,2.15701,6.20149,2.15701,0
11,2,106,20.00000,7.51754,2.73616,regular,0,True,10.00000,18.50000,-1.50000,2608,3,1399732,4636,6.14595,2.15701,6.14595,2.15701,0
11,2,106,20.00000,7.51754,2.73616,regular,0,True,10.00000,18.50000,-1.50000,2608,3,1399749,4653,6.10893,2.13647,6.10893,2.13647,0
11,2,106,20.00000,7.51754,2.73616,regular,0,True,10.00000,18.50000,-1.50000,2608,3,1399766,4670,6.05339,2.11593,6.05339,2.11593,0
11,2,106,20.00000,7.51754,2.73616,regular,0,True,10.00000,18.50000,-1.50000,2608,3,1399782,4686,6.01637,2.09538,6.01637,2.09538,0
11,2,106,20.00000,7.51754,2.73616,regular,0,True,10.00000,18.50000,-1.50000,2608,3,1399799,4703,5.97934,2.09538,5.97934,2.09538,0
11,2,106,20.00000,7.51754,2.73616,regular,0,True,10.00000,18.50000,-1.50000,2608,3,1399816,4720,5.94232,2.07484,5.94232,2.07484,0
11,2,106,20.00000,7.51754,2.73616,regular,0,True,10.00000,18.50000,-1.50000,2608,3,1399832,4736,5.88679,2.05430,5.88679,2.05430,0
11,2,106,20.00000,7.51754,2.73616,regular,0,True,10.00000,18.50000,-1.50000,2608,3,1399849,4753,5.84976,2.05430,5.84976,2.05430,0
11,2,106,20.00000,7.51754,2.73616,regular,0,True,10.00000,18.50000,-1.50000,2608,3,1399866,4770,5.81274,2.03375,5.81274,2.03375,0
11,2,106,20.00000,7.51754,2.73616,regular,0,True,10.00000,18.50000,-1.50000,2608,3,1399882,4786,5.77571,2.01321,5.77571,2.01321,0
11,2,106,20.00000,7.51754,2.73616,regular,0,True,10.00000,18.50000,-1.50000,2608,3,1399899,4803,5.73869,1.99267,5.73869,1.99267,0
11,2,106,20.00000,7.51754,2.73616,regular,0,True,10.00000,18.50000,-1.50000,2608,3,1399916,4820,5.68315,1.95158,5.68315,1.95158,0
11,2,106,20.00000,7.51754,2.73616,regular,0,True,10.00000,18.50000,-1.50000,2608,3,1399932,4836,5.64613,1.93104,5.64613,1.93104,0
11,2,106,20.00000,7.51754,2.73616,regular,0,True,10.00000,18.50000,-1.50000,2608,3,1399949,4853,5.59060,1.91050,5.59060,1.91050,0
11,2,106,20.00000,7.51754,2.73616,regular,0,True,10.00000,18.50000,-1.50000,2608,3,1399966,4870,5.55357,1.88995,5.55357,1.88995,0
11,2,106,20.00000,7.51754,2.73616,regular,0,True,10.00000,18.50000,-1.50000,2608,3,1399983,4887,5.47952,1.84887,5.47952,1.84887,0
11,2,106,20.00000,7.51754,2.73616,regular,0,True,10.00000,18.50000,-1.50000,2608,3,1399999,4903,5.40548,1.82832,5.40548,1.82832,0
11,2,106,20.00000,7.51754,2.73616,regular,0,True,10.00000,18.50000,-1.50000,2608,3,1400016,4920,5.33143,1.80778,5.33143,1.80778,0
11,2,106,20.00000,7.51754,2.73616,regular,0,True,10.00000,18.50000,-1.50000,2608,3,1400033,4937,5.27589,1.78724,5.27589,1.78724,0
11,2,106,20.00000,7.51754,2.73616,regular,0,True,10.00000,18.50000,-1.50000,2608,3,1400049,4953,5.22036,1.76669,5.22036,1.76669,0
11,2,106,20.00000,7.51754,2.73616,regular,0,True,10.00000,18.50000,-1.50000,2608,3,1400066,4970,5.16482,1.74615,5.16482,1.74615,0
11,2,106,20.00000,7.51754,2.73616,regular,0,True,10.00000,18.50000,-1.50000,2608,3,1400083,4987,5.10929,1.70507,5.10929,1.70507,0
11,2,106,20.00000,7.51754,2.73616,regular,0,True,10.00000,18.50000,-1.50000,2608,3,1400099,5003,5.03524,1.68452,5.03524,1.68452,0
11,2,106,20.00000,7.51754,2.73616,regular,0,True,10.00000,18.50000,-1.50000,2608,3,1400116,5020,4.97970,1.66398,4.97970,1.66398,0
11,2,106,20.00000,7.51754,2.73616,regular,0,True,10.00000,18.50000,-1.50000,2608,3,1400133,5037,4.90565,1.64344,4.90565,1.64344,0
11,2,106,20.00000,7.51754,2.73616,regular,0,True,10.00000,18.50000,-1.50000,2608,3,1400149,5053,4.83161,1.60235,4.83161,1.60235,0
11,2,106,20.00000,7.51754,2.73616,regular,0,True,10.00000,18.50000,-1.50000,2608,3,1400166,5070,4.77607,1.58181,4.77607,1.58181,0
11,2,106,20.00000,7.51754,2.73616,regular,0,True,10.00000,18.50000,-1.50000,2608,3,1400183,5087,4.72054,1.56127,4.72054,1.56127,0
11,2,106,20.00000,7.51754,2.73616,regular,0,True,10.00000,18.50000,-1.50000,2608,3,1400199,5103,4.66500,1.54072,4.66500,1.54072,0
11,2,106,20.00000,7.51754,2.73616,regular,0,True,10.00000,18.50000,-1.50000,2608,3,1400216,5120,4.59095,1.49964,4.59095,1.49964,0
11,2,106,20.00000,7.51754,2.73616,regular,0,True,10.00000,18.50000,-1.50000,2608,3,1400233,5137,4.53542,1.47909,4.53542,1.47909,0
11,2,106,20.00000,7.51754,2.73616,regular,0,True,10.00000,18.50000,-1.50000,2608,3,1400249,5153,4.46137,1.45855,4.46137,1.45855,0
11,2,106,20.00000,7.51754,2.73616,regular,0,True,10.00000,18.50000,-1.50000,2608,3,1400266,5170,4.40583,1.43801,4.40583,1.43801,0
11,2,106,20.00000,7.51754,2.73616,regular,0,True,10.00000,18.50000,-1.50000,2608,3,1400283,5187,4.36881,1.41746,4.36881,1.41746,0
11,2,106,20.00000,7.51754,2.73616,regular,0,True,10.00000,18.50000,-1.50000,2608,3,1400299,5203,4.29476,1.39692,4.29476,1.39692,0
11,2,106,20.00000,7.51754,2.73616,regular,0,True,10.00000,18.50000,-1.50000,2608,3,1400316,5220,4.25774,1.37638,4.25774,1.37638,0
11,2,106,20.00000,7.51754,2.73616,regular,0,True,10.00000,18.50000,-1.50000,2608,3,1400333,5237,4.18369,1.35584,4.18369,1.35584,0
11,2,106,20.00000,7.51754,2.73616,regular,0,True,10.00000,18.50000,-1.50000,2608,3,1400349,5253,4.12815,1.33529,4.12815,1.33529,0
11,2,106,20.00000,7.51754,2.73616,regular,0,True,10.00000,18.50000,-1.50000,2608,3,1400366,5270,4.07262,1.29421,4.07262,1.29421,0
11,2,106,20.00000,7.51754,2.73616,regular,0,True,10.00000,18.50000,-1.50000,2608,3,1400383,5287,4.01708,1.27366,4.01708,1.27366,0
11,2,106,20.00000,7.51754,2.73616,regular,0,True,10.00000,18.50000,-1.50000,2608,3,1400400,5304,3.94304,1.25312,3.94304,1.25312,0
11,2,106,20.00000,7.51754,2.73616,regular,0,True,10.00000,18.50000,-1.50000,2608,3,1400416,5320,3.88750,1.23258,3.88750,1.23258,0
11,2,106,20.00000,7.51754,2.73616,regular,0,True,10.00000,18.50000,-1.50000,2608,3,1400433,5337,3.81345,1.19149,3.81345,1.19149,0
11,2,106,20.00000,7.51754,2.73616,regular,0,True,10.00000,18.50000,-1.50000,2608,3,1400450,5354,3.75792,1.17095,3.75792,1.17095,0
11,2,106,20.00000,7.51754,2.73616,regular,0,True,10.00000,18.50000,-1.50000,2608,3,1400466,5370,3.70238,1.15041,3.70238,1.15041,0
11,2,106,20.00000,7.51754,2.73616,regular,0,True,10.00000,18.50000,-1.50000,2608,3,1400483,5387,3.64685,1.10932,3.64685,1.10932,0
11,2,106,20.00000,7.51754,2.73616,regular,0,True,10.00000,18.50000,-1.50000,2608,3,1400500,5404,3.59131,1.08878,3.59131,1.08878,0
11,2,106,20.00000,7.51754,2.73616,regular,0,True,10.00000,18.50000,-1.50000,2608,3,1400516,5420,3.53577,1.06823,3.53577,1.06823,0
11,2,106,20.00000,7.51754,2.73616,regular,0,True,10.00000,18.50000,-1.50000,2608,3,1400533,5437,3.48024,1.04769,3.48024,1.04769,0
11,2,106,20.00000,7.51754,2.73616,regular,0,True,10.00000,18.50000,-1.50000,2608,3,1400550,5454,3.40619,1.02715,3.40619,1.02715,0
11,2,106,20.00000,7.51754,2.73616,regular,0,True,10.00000,18.50000,-1.50000,2608,3,1400566,5470,3.33214,1.00661,3.33214,1.00661,0
11,2,106,20.00000,7.51754,2.73616,regular,0,True,10.00000,18.50000,-1.50000,2608,3,1400583,5487,3.29512,0.98606,3.29512,0.98606,0
11,2,106,20.00000,7.51754,2.73616,regular,0,True,10.00000,18.50000,-1.50000,2608,3,1400600,5504,3.25810,0.96552,3.25810,0.96552,0
11,2,106,20.00000,7.51754,2.73616,regular,0,True,10.00000,18.50000,-1.50000,2608,3,1400616,5520,3.22107,0.96552,3.22107,0.96552,0
11,2,106,20.00000,7.51754,2.73616,regular,0,True,10.00000,18.50000,-1.50000,2608,3,1400633,5537,3.16554,0.94498,3.16554,0.94498,0
11,2,106,20.00000,7.51754,2.73616,regular,0,True,10.00000,18.50000,-1.50000,2608,3,1400650,5554,3.14702,0.94498,3.14702,0.94498,0
11,2,106,20.00000,7.51754,2.73616,regular,0,True,10.00000,18.50000,-1.50000,2608,3,1400667,5571,3.09149,0.92443,3.09149,0.92443,0
11,2,106,20.00000,7.51754,2.73616,regular,0,True,10.00000,18.50000,-1.50000,2608,3,1400683,5587,3.07298,0.92443,3.07298,0.92443,0
11,2,106,20.00000,7.51754,2.73616,regular,0,True,10.00000,18.50000,-1.50000,2608,3,1400700,5604,3.03595,0.90389,3.03595,0.90389,0
11,2,106,20.00000,7.51754,2.73616,regular,0,True,10.00000,18.50000,-1.50000,2608,3,1400716,5620,2.98042,0.88335,2.98042,0.88335,0
11,2,106,20.00000,7.51754,2.73616,regular,0,True,10.00000,18.50000,-1.50000,2608,3,1400733,5637,2.94339,0.88335,2.94339,0.88335,0
11,2,106,20.00000,7.51754,2.73616,regular,0,True,10.00000,18.50000,-1.50000,2608,3,1400750,5654,2.88786,0.86280,2.88786,0.86280,0
11,2,106,20.00000,7.51754,2.73616,regular,0,True,10.00000,18.50000,-1.50000,2608,3,1400766,5670,2.85083,0.84226,2.85083,0.84226,0
11,2,106,20.00000,7.51754,2.73616,regular,0,True,10.00000,18.50000,-1.50000,2608,3,1400783,5687,2.81381,0.82172,2.81381,0.82172,0
11,2,106,20.00000,7.51754,2.73616,regular,0,True,10.00000,18.50000,-1.50000,2608,3,1400800,5704,2.75827,0.80118,2.75827,0.80118,0
11,2,106,20.00000,7.51754,2.73616,regular,0,True,10.00000,18.50000,-1.50000,2608,3,1400817,5721,2.70274,0.78063,2.70274,0.78063,0
11,2,106,20.00000,7.51754,2.73616,regular,0,True,10.00000,18.50000,-1.50000,2608,3,1400833,5737,2.66571,0.73955,2.66571,0.73955,0
11,2,106,20.00000,7.51754,2.73616,regular,0,True,10.00000,18.50000,-1.50000,2608,3,1400850,5754,2.61018,0.73955,2.61018,0.73955,0
11,2,106,20.00000,7.51754,2.73616,regular,0,True,10.00000,18.50000,-1.50000,2608,3,1400867,5771,2.53613,0.69846,2.53613,0.69846,0
11,2,106,20.00000,7.51754,2.73616,regular,0,True,10.00000,18.50000,-1.50000,2608,3,1400883,5787,2.49911,0.67792,2.49911,0.67792,0
11,2,106,20.00000,7.51754,2.73616,regular,0,True,10.00000,18.50000,-1.50000,2608,3,1400900,5804,2.42506,0.65737,2.42506,0.65737,0
11,2,106,20.00000,7.51754,2.73616,regular,0,True,10.00000,18.50000,-1.50000,2608,3,1400917,5821,2.38804,0.63683,2.38804,0.63683,0
11,2,106,20.00000,7.51754,2.73616,regular,0,True,10.00000,18.50000,-1.50000,2608,3,1400933,5837,2.33250,0.61629,2.33250,0.61629,0
11,2,106,20.00000,7.51754,2.73616,regular,0,True,10.00000,18.50000,-1.50000,2608,3,1400950,5854,2.25845,0.59575,2.25845,0.59575,0
11,2,106,20.00000,7.51754,2.73616,regular,0,True,10.00000,18.50000,-1.50000,2608,3,1400967,5871,2.20292,0.57520,2.20292,0.57520,0
11,2,106,20.00000,7.51754,2.73616,regular,0,True,10.00000,18.50000,-1.50000,2608,3,1400983,5887,2.14738,0.53412,2.14738,0.53412,0
11,2,106,20.00000,7.51754,2.73616,regular,0,True,10.00000,18.50000,-1.50000,2608,3,1401000,5904,2.09185,0.53412,2.09185,0.53412,0
11,2,106,20.00000,7.51754,2.73616,regular,0,True,10.00000,18.50000,-1.50000,2608,3,1401017,5921,2.03631,0.51357,2.03631,0.51357,0
11,2,106,20.00000,7.51754,2.73616,regular,0,True,10.00000,18.50000,-1.50000,2608,3,1401033,5937,1.98077,0.49303,1.98077,0.49303,0
11,2,106,20.00000,7.51754,2.73616,regular,0,True,10.00000,18.50000,-1.50000,2608,3,1401050,5954,1.92524,0.45195,1.92524,0.45195,0
11,2,106,20.00000,7.51754,2.73616,regular,0,True,10.00000,18.50000,-1.50000,2608,3,1401067,5971,1.86970,0.43140,1.86970,0.43140,0
11,2,106,20.00000,7.51754,2.73616,regular,0,True,10.00000,18.50000,-1.50000,2608,3,1401083,5987,1.81417,0.41086,1.81417,0.41086,0
11,2,106,20.00000,7.51754,2.73616,regular,0,True,10.00000,18.50000,-1.50000,2608,3,1401100,6004,1.75863,0.39032,1.75863,0.39032,0
11,2,106,20.00000,7.51754,2.73616,regular,0,True,10.00000,18.50000,-1.50000,2608,3,1401117,6021,1.70310,0.36977,1.70310,0.36977,0
11,2,106,20.00000,7.51754,2.73616,regular,0,True,10.00000,18.50000,-1.50000,2608,3,1401133,6037,1.62905,0.32869,1.62905,0.32869,0
11,2,106,20.00000,7.51754,2.73616,regular,0,True,10.00000,18.50000,-1.50000,2608,3,1401150,6054,1.55500,0.30814,1.55500,0.30814,0
11,2,106,20.00000,7.51754,2.73616,regular,0,True,10.00000,18.50000,-1.50000,2608,3,1401167,6071,1.49946,0.28760,1.49946,0.28760,0
11,2,106,20.00000,7.51754,2.73616,regular,0,True,10.00000,18.50000,-1.50000,2608,3,1401183,6087,1.44393,0.24652,1.44393,0.24652,0
11,2,106,20.00000,7.51754,2.73616,regular,0,True,10.00000,18.50000,-1.50000,2608,3,1401200,6104,1.36988,0.22597,1.36988,0.22597,0
11,2,106,20.00000,7.51754,2.73616,regular,0,True,10.00000,18.50000,-1.50000,2608,3,1401217,6121,1.31435,0.20543,1.31435,0.20543,0
11,2,106,20.00000,7.51754,2.73616,regular,0,True,10.00000,18.50000,-1.50000,2608,3,1401234,6138,1.24030,0.16434,1.24030,0.16434,0
11,2,106,20.00000,7.51754,2.73616,regular,0,True,10.00000,18.50000,-1.50000,2608,3,1401250,6154,1.18476,0.14380,1.18476,0.14380,0
11,2,106,20.00000,7.51754,2.73616,regular,0,True,10.00000,18.50000,-1.50000,2608,3,1401267,6171,1.12923,0.12326,1.12923,0.12326,0
11,2,106,20.00000,7.51754,2.73616,regular,0,True,10.00000,18.50000,-1.50000,2608,3,1401284,6188,1.09220,0.10271,1.09220,0.10271,0
11,2,106,20.00000,7.51754,2.73616,regular,0,True,10.00000,18.50000,-1.50000,2608,3,1401300,6204,1.05518,0.08217,1.05518,0.08217,0
11,2,106,20.00000,7.51754,2.73616,regular,0,True,10.00000,18.50000,-1.50000,2608,3,1401317,6221,0.99964,0.06163,0.99964,0.06163,0
11,2,106,20.00000,7.51754,2.73616,regular,0,True,10.00000,18.50000,-1.50000,2608,3,1401334,6238,0.94411,0.02054,0.94411,0.02054,0
11,2,106,20.00000,7.51754,2.73616,regular,0,True,10.00000,18.50000,-1.50000,2608,3,1401350,6254,0.90708,0.00000,0.90708,0.00000,0
11,2,106,20.00000,7.51754,2.73616,regular,0,True,10.00000,18.50000,-1.50000,2608,3,1401367,6271,0.87006,-0.02054,0.87006,-0.02054,0
11,2,106,20.00000,7.51754,2.73616,regular,0,True,10.00000,18.50000,-1.50000,2608,3,1401384,6288,0.83304,-0.02054,0.83304,-0.02054,0
11,2,106,20.00000,7.51754,2.73616,regular,0,True,10.00000,18.50000,-1.50000,2608,3,1401401,6305,0.79601,-0.06163,0.79601,-0.06163,0
11,2,106,20.00000,7.51754,2.73616,regular,0,True,10.00000,18.50000,-1.50000,2608,3,1401417,6321,0.75899,-0.06163,0.75899,-0.06163,0
11,2,106,20.00000,7.51754,2.73616,regular,0,True,10.00000,18.50000,-1.50000,2608,3,1401434,6338,0.74048,-0.08217,0.74048,-0.08217,0
11,2,106,20.00000,7.51754,2.73616,regular,0,True,10.00000,18.50000,-1.50000,2608,3,1401450,6354,0.70345,-0.10271,0.70345,-0.10271,0
11,2,106,20.00000,7.51754,2.73616,regular,0,True,10.00000,18.50000,-1.50000,2608,3,1401467,6371,0.66643,-0.12326,0.66643,-0.12326,0
11,2,106,20.00000,7.51754,2.73616,regular,0,True,10.00000,18.50000,-1.50000,2608,3,1401484,6388,0.64792,-0.14380,0.64792,-0.14380,0
11,2,106,20.00000,7.51754,2.73616,regular,0,True,10.00000,18.50000,-1.50000,2608,3,1401501,6405,0.62940,-0.14380,0.62940,-0.14380,0
11,2,106,20.00000,7.51754,2.73616,regular,0,True,10.00000,18.50000,-1.50000,2608,3,1401517,6421,0.61089,-0.14380,0.61089,-0.14380,0
11,2,106,20.00000,7.51754,2.73616,regular,0,True,10.00000,18.50000,-1.50000,2608,3,1401534,6438,0.61089,-0.14380,0.61089,-0.14380,0
11,2,106,20.00000,7.51754,2.73616,regular,0,True,10.00000,18.50000,-1.50000,2608,3,1401551,6455,0.59238,-0.14380,0.59238,-0.14380,0
11,2,106,20.00000,7.51754,2.73616,regular,0,True,10.00000,18.50000,-1.50000,2608,3,1401567,6471,0.59238,-0.16434,0.59238,-0.16434,0
11,2,106,20.00000,7.51754,2.73616,regular,0,True,10.00000,18.50000,-1.50000,2608,3,1401584,6488,0.59238,-0.16434,0.59238,-0.16434,0
11,2,106,20.00000,7.51754,2.73616,regular,0,True,10.00000,18.50000,-1.50000,2608,3,1401600,6504,0.57387,-0.16434,0.57387,-0.16434,0
11,2,106,20.00000,7.51754,2.73616,regular,0,True,10.00000,18.50000,-1.50000,2608,3,1401617,6521,0.57387,-0.16434,0.57387,-0.16434,0
11,2,106,20.00000,7.51754,2.73616,regular,0,True,10.00000,18.50000,-1.50000,2608,3,1401634,6538,0.53685,-0.16434,0.53685,-0.16434,0
11,2,106,20.00000,7.51754,2.73616,regular,0,True,10.00000,18.50000,-1.50000,2608,3,1401651,6555,0.51833,-0.16434,0.51833,-0.16434,0
11,2,106,20.00000,7.51754,2.73616,regular,0,True,10.00000,18.50000,-1.50000,2608,3,1401667,6571,0.48131,-0.16434,0.48131,-0.16434,0
11,2,106,20.00000,7.51754,2.73616,regular,0,True,10.00000,18.50000,-1.50000,2608,3,1401684,6588,0.44429,-0.16434,0.44429,-0.16434,0
11,2,106,20.00000,7.51754,2.73616,regular,0,True,10.00000,18.50000,-1.50000,2608,3,1401701,6605,0.40726,-0.18489,0.40726,-0.18489,0
11,2,106,20.00000,7.51754,2.73616,regular,0,True,10.00000,18.50000,-1.50000,2608,3,1401717,6621,0.37024,-0.18489,0.37024,-0.18489,0
11,2,106,20.00000,7.51754,2.73616,regular,0,True,10.00000,18.50000,-1.50000,2608,3,1401734,6638,0.33321,-0.18489,0.33321,-0.18489,0
11,2,106,20.00000,7.51754,2.73616,regular,0,True,10.00000,18.50000,-1.50000,2608,3,1401751,6655,0.27768,-0.18489,0.27768,-0.18489,0
11,2,106,20.00000,7.51754,2.73616,regular,0,True,10.00000,18.50000,-1.50000,2608,3,1401767,6671,0.25917,-0.20543,0.25917,-0.20543,0
11,2,106,20.00000,7.51754,2.73616,regular,0,True,10.00000,18.50000,-1.50000,2608,3,1401784,6688,0.20363,-0.20543,0.20363,-0.20543,0
11,2,106,20.00000,7.51754,2.73616,regular,0,True,10.00000,18.50000,-1.50000,2608,3,1401801,6705,0.18512,-0.20543,0.18512,-0.20543,0
11,2,106,20.00000,7.51754,2.73616,regular,0,True,10.00000,18.50000,-1.50000,2608,3,1401817,6721,0.16661,-0.20543,0.16661,-0.20543,0
11,2,106,20.00000,7.51754,2.73616,regular,0,True,10.00000,18.50000,-1.50000,2608,3,1401834,6738,0.14810,-0.20543,0.14810,-0.20543,0
11,2,106,20.00000,7.51754,2.73616,regular,0,True,10.00000,18.50000,-1.50000,2608,3,1401851,6755,0.12958,-0.20543,0.12958,-0.20543,0
