task_idx,trial_idx,cutrial_no,targetangle_deg,targetx_cm,targety_cm,rotation_deg,doaiming_bool,aimstart_deg,aim_deg,aimdeviation_deg,aimtime_ms,zeroclamped_bool,phase,cutime_ms,time_ms,mousex_cm,mousey_cm,cursorx_cm,cursory_cm,deviation_bool,reachdeviation_deg
2,1,1,60.00000,4.00000,6.92820,0,True,50.00000,59.50000,-0.50000,5788,False,2,44018,3970,1.12923,1.78724,1.12923,1.78724,1,-2.28588
2,2,2,80.00000,1.38919,7.87846,0,True,70.00000,81.75000,1.75000,2688,False,2,51324,1068,0.53685,2.09538,0.53685,2.09538,1,-4.37044
2,3,3,100.00000,-1.38919,7.87846,0,True,90.00000,98.75000,-1.25000,3737,False,2,62082,3303,-0.61089,1.95158,-0.61089,1.95158,1,7.38134
2,4,4,140.00000,-6.12836,5.14230,0,True,130.00000,139.00000,-1.00000,2099,False,2,68520,1218,-1.85119,0.90389,-1.85119,0.90389,1,13.97489
2,5,5,160.00000,-7.51754,2.73616,0,True,150.00000,159.50000,-0.50000,1837,False,2,74358,817,-2.01780,0.69846,-2.01780,0.69846,1,0.90674
2,6,6,40.00000,6.12836,5.14230,0,True,30.00000,39.50000,-0.50000,3639,False,2,82547,1117,1.55500,1.35584,1.55500,1.35584,1,1.08592
2,7,7,120.00000,-4.00000,6.92820,0,True,110.00000,120.50000,0.50000,3684,False,2,94023,2836,-1.61054,1.41746,-1.61054,1.41746,1,18.64852
2,8,8,20.00000,7.51754,2.73616,0,True,10.00000,21.50000,1.50000,2335,False,2,100461,1118,1.83268,1.00661,1.83268,1.00661,1,8.77804
2,9,9,120.00000,-4.00000,6.92820,0,True,110.00000,121.00000,1.00000,5325,False,2,110085,1184,-1.09220,1.74615,-1.09220,1.74615,1,2.02558
2,10,10,160.00000,-7.51754,2.73616,0,True,150.00000,159.25000,-0.75000,2040,False,2,115306,1051,-2.01780,0.59575,-2.01780,0.59575,1,3.55091
2,11,11,60.00000,4.00000,6.92820,0,True,50.00000,61.25000,1.25000,3500,False,2,126331,1918,1.01815,1.72561,1.01815,1.72561,1,-0.54159
2,12,12,40.00000,6.12836,5.14230,0,True,30.00000,38.75000,-1.25000,3322,False,2,133403,934,1.48095,1.52018,1.48095,1.52018,1,5.74891
2,13,13,100.00000,-1.38919,7.87846,0,True,90.00000,99.75000,-0.25000,2507,False,2,139424,900,-0.51833,2.07484,-0.51833,2.07484,1,4.02637
2,14,14,140.00000,-6.12836,5.14230,0,True,130.00000,141.75000,1.75000,2908,False,2,145912,933,-1.79565,0.90389,-1.79565,0.90389,1,13.28034
2,15,15,20.00000,7.51754,2.73616,0,True,10.00000,22.00000,2.00000,2974,False,2,153201,1417,1.85119,0.98606,1.85119,0.98606,1,8.04257
2,16,16,80.00000,1.38919,7.87846,0,True,70.00000,79.75000,-0.25000,2420,False,2,160107,934,0.57387,1.95158,0.57387,1.95158,1,-6.38619
2,17,17,120.00000,-4.00000,6.92820,0,True,110.00000,120.75000,0.75000,2652,False,2,166812,984,-1.05518,1.72561,-1.05518,1.72561,1,1.44505
2,18,18,40.00000,6.12836,5.14230,0,True,30.00000,39.25000,-0.75000,2006,False,2,172633,1117,1.61054,1.27366,1.61054,1.27366,1,-1.66207
2,19,19,20.00000,7.51754,2.73616,0,True,10.00000,20.25000,0.25000,3790,False,2,180155,917,1.83268,0.90389,1.83268,0.90389,1,6.25282
2,20,20,60.00000,4.00000,6.92820,0,True,50.00000,60.00000,0.00000,2257,False,2,186260,1051,1.01815,1.78724,1.01815,1.78724,1,0.33082
2,21,21,160.00000,-7.51754,2.73616,0,True,150.00000,159.75000,-0.25000,2623,False,2,192598,1067,-2.07333,0.51357,-2.07333,0.51357,1,6.08769
2,22,22,100.00000,-1.38919,7.87846,0,True,90.00000,101.50000,1.50000,2038,False,2,198720,1051,-0.44429,2.03375,-0.44429,2.03375,1,2.32315
2,23,23,140.00000,-6.12836,5.14230,0,True,130.00000,139.25000,-0.75000,1985,False,2,205775,951,-1.62905,1.19149,-1.62905,1.19149,1,3.81820
2,24,24,80.00000,1.38919,7.87846,0,True,70.00000,81.25000,1.25000,3505,False,2,214014,1284,0.25917,2.05430,0.25917,2.05430,1,2.80957
3,1,25,120.00000,-4.00000,6.92820,0,True,110.00000,121.50000,1.50000,2168,False,2,221120,1100,-0.99964,1.78724,-1.02381,1.77329,1,-0.78082
3,2,26,100.00000,-1.38919,7.87846,0,True,90.00000,100.50000,0.50000,2604,False,2,228209,901,-0.68494,1.91050,-0.34737,1.97002,1,9.72344
3,3,27,160.00000,-7.51754,2.73616,0,True,150.00000,160.25000,0.25000,3540,False,2,236298,1100,-2.09185,0.39032,-1.97259,0.71796,1,9.43068
3,4,28,60.00000,4.00000,6.92820,0,True,50.00000,60.50000,0.50000,3104,False,2,244354,1951,0.87006,1.82832,1.00920,1.74799,1,4.55118
3,5,29,40.00000,6.12836,5.14230,0,True,30.00000,39.50000,-0.50000,2288,False,2,250759,1634,1.55500,1.31475,1.55990,1.30891,1,0.21447
3,6,30,140.00000,-6.12836,5.14230,0,True,130.00000,140.50000,0.50000,2672,False,2,257181,867,-1.74012,1.06823,-1.54715,1.29821,1,8.45495
3,7,31,20.00000,7.51754,2.73616,0,True,10.00000,19.00000,-1.00000,2341,False,2,263102,1034,1.94375,0.80118,1.97387,0.71843,1,2.40061
3,8,32,80.00000,1.38919,7.87846,0,True,70.00000,79.75000,-0.25000,2404,False,2,270241,984,0.37024,2.13647,0.37652,2.13536,1,0.16856
3,9,33,140.00000,-6.12836,5.14230,0,True,130.00000,141.00000,1.00000,1739,False,2,275995,800,-1.81417,1.17095,-1.64118,1.37711,1,7.15991
3,10,34,60.00000,4.00000,6.92820,0,True,50.00000,59.50000,-0.50000,2188,False,2,282784,1034,1.27732,1.66398,1.03985,1.80108,1,-7.51090
3,11,35,120.00000,-4.00000,6.92820,0,True,110.00000,120.75000,0.75000,1639,False,2,288188,1051,-1.27732,1.70507,-1.05765,1.83190,1,6.83800
3,12,36,160.00000,-7.51754,2.73616,0,True,150.00000,160.25000,0.25000,2520,False,2,294993,1117,-1.86970,0.92443,-1.94810,0.70905,1,-6.30903
3,13,37,100.00000,-1.38919,7.87846,0,True,90.00000,100.75000,0.75000,3888,False,2,303316,1067,-0.20363,2.07484,-0.36096,2.04710,1,-4.39480
3,14,38,20.00000,7.51754,2.73616,0,True,10.00000,20.00000,0.00000,2374,False,2,308970,933,1.92524,0.63683,1.90470,0.69325,1,-1.69684
3,15,39,40.00000,6.12836,5.14230,0,True,30.00000,40.00000,0.00000,2075,False,2,314508,1101,1.92524,1.19149,1.71647,1.44029,1,-8.24752
3,16,40,80.00000,1.38919,7.87846,0,True,70.00000,81.00000,1.00000,1790,False,2,319545,917,0.48131,1.97212,0.35177,1.99497,1,-3.71533
4,1,41,120.00000,-4.00000,6.92820,0,True,110.00000,118.50000,-1.50000,2244,False,2,325516,1801,-1.01815,1.82832,-1.01815,1.82832,1,-0.88756
4,2,42,40.00000,6.12836,5.14230,0,True,30.00000,40.50000,0.50000,3091,False,2,332155,984,1.44393,1.39692,1.44393,1.39692,1,4.05196
4,3,43,80.00000,1.38919,7.87846,0,True,70.00000,79.75000,-0.25000,1742,False,2,337492,1451,0.66643,1.99267,0.66643,1.99267,1,-8.49203
4,4,44,60.00000,4.00000,6.92820,0,True,50.00000,60.25000,0.25000,2055,False,2,343380,1101,0.99964,1.78724,0.99964,1.78724,1,0.78082
4,5,45,160.00000,-7.51754,2.73616,0,True,150.00000,160.25000,0.25000,1759,False,2,348367,1000,-1.83268,0.84226,-1.83268,0.84226,1,-4.68249
4,6,46,100.00000,-1.38919,7.87846,0,True,90.00000,100.25000,0.25000,2338,False,2,355073,868,-0.81452,1.84887,-0.81452,1.84887,1,13.77590
4,7,47,20.00000,7.51754,2.73616,0,True,10.00000,19.50000,-0.50000,1890,False,2,361227,1151,1.83268,0.94498,1.83268,0.94498,1,7.27687
4,8,48,140.00000,-6.12836,5.14230,0,True,130.00000,139.00000,-1.00000,2104,False,2,367148,867,-1.77714,0.92443,-1.77714,0.92443,1,12.51752
5,1,49,100.00000,-1.38919,7.87846,0,True,90.00000,99.25000,-0.75000,5320,False,2,425577,27205,-0.51833,1.99267,-0.51833,1.99267,1,4.58057
5,2,50,40.00000,6.12836,5.14230,0,True,30.00000,38.75000,-1.25000,5494,False,2,437469,1184,1.74012,1.12986,1.74012,1.12986,1,-7.00433
5,3,51,120.00000,-4.00000,6.92820,0,True,110.00000,120.75000,0.75000,2820,False,2,445725,1617,-1.09220,1.72561,-1.09220,1.72561,1,2.33118
5,4,52,80.00000,1.38919,7.87846,0,True,70.00000,80.00000,0.00000,2182,False,2,454499,1885,-0.11107,2.07484,-0.11107,2.07484,1,13.06422
5,5,53,160.00000,-7.51754,2.73616,0,True,150.00000,159.00000,-1.00000,2483,False,2,462705,1334,-1.98077,0.32869,-1.98077,0.32869,1,10.57816
5,6,54,20.00000,7.51754,2.73616,0,True,10.00000,20.50000,0.50000,2736,False,2,470261,901,1.88821,0.76009,1.88821,0.76009,1,1.92702
5,7,55,60.00000,4.00000,6.92820,0,True,50.00000,58.75000,-1.25000,2042,False,2,475681,967,1.27732,1.54072,1.27732,1.54072,1,-9.66012
5,8,56,140.00000,-6.12836,5.14230,0,True,130.00000,137.00000,-3.00000,4736,False,2,486523,967,-1.74012,1.00661,-1.74012,1.00661,1,9.95184
5,9,57,100.00000,-1.38919,7.87846,0,True,90.00000,99.50000,-0.50000,2362,False,2,496231,901,-0.68494,2.09538,-0.68494,2.09538,1,8.10159
5,10,58,160.00000,-7.51754,2.73616,0,True,150.00000,159.00000,-1.00000,2438,False,2,503019,1001,-1.96226,0.67792,-1.96226,0.67792,1,0.94103
5,11,59,80.00000,1.38919,7.87846,0,True,70.00000,80.50000,0.50000,2202,False,2,511025,1551,0.59238,1.91050,0.59238,1.91050,1,-7.22686
5,12,60,120.00000,-4.00000,6.92820,0,True,110.00000,120.00000,0.00000,2502,False,2,526170,1334,-1.40690,1.54072,-1.40690,1.54072,1,12.40059
5,13,61,40.00000,6.12836,5.14230,0,True,30.00000,38.75000,-1.25000,2200,False,2,533392,733,1.59202,1.33529,1.59202,1.33529,1,-0.01211
5,14,62,140.00000,-6.12836,5.14230,0,True,130.00000,138.75000,-1.25000,1908,False,2,539380,1718,-1.70310,1.10932,-1.70310,1.10932,1,6.92165
5,15,63,20.00000,7.51754,2.73616,0,True,10.00000,20.25000,0.25000,5168,False,2,550322,901,2.01780,0.43140,2.01780,0.43140,1,-7.93201
5,16,64,60.00000,4.00000,6.92820,0,True,50.00000,59.25000,-0.75000,2488,False,2,557310,1200,0.64792,1.91050,0.64792,1.91050,1,11.26633
6,1,65,60.00000,4.00000,6.92820,0,True,50.00000,59.75000,-0.25000,9991,False,2,609534,3436,1.18476,1.70507,1.18476,1.70507,1,-4.79333
6,2,66,120.00000,-4.00000,6.92820,0,True,110.00000,121.50000,1.50000,2515,False,2,616222,950,-1.14774,1.64344,-1.14774,1.64344,1,4.92955
6,3,67,20.00000,7.51754,2.73616,0,True,10.00000,20.00000,0.00000,1789,False,2,621910,1084,1.83268,0.82172,1.83268,0.82172,1,4.15007
6,4,68,100.00000,-1.38919,7.87846,0,True,90.00000,99.50000,-0.50000,3292,False,2,628665,850,0.01851,2.03375,0.01851,2.03375,1,-10.52146
6,5,69,80.00000,1.38919,7.87846,0,True,70.00000,79.50000,-0.50000,1757,False,2,634169,1117,0.18512,1.99267,0.18512,1.99267,1,4.69243
6,6,70,160.00000,-7.51754,2.73616,0,True,150.00000,158.50000,-1.50000,2591,False,2,640141,1184,-1.98077,0.63683,-1.98077,0.63683,1,2.17708
6,7,71,40.00000,6.12836,5.14230,0,True,30.00000,39.75000,-0.25000,2168,False,2,648063,1034,1.61054,1.29421,1.61054,1.29421,1,-1.21507
6,8,72,140.00000,-6.12836,5.14230,0,True,130.00000,139.00000,-1.00000,1902,False,2,653618,1101,-1.27732,1.62289,-1.27732,1.62289,1,-11.79495
6,9,73,80.00000,1.38919,7.87846,0,True,70.00000,80.50000,0.50000,2303,False,2,661090,1318,0.37024,1.99267,0.37024,1.99267,1,-0.52558
6,10,74,40.00000,6.12836,5.14230,0,True,30.00000,40.50000,0.50000,1786,False,2,667295,1118,1.68458,1.21203,1.68458,1.21203,1,-4.26555
6,11,75,20.00000,7.51754,2.73616,0,True,10.00000,19.25000,-0.75000,2118,False,2,674600,1234,1.72161,1.06823,1.72161,1.06823,1,11.81890
6,12,76,160.00000,-7.51754,2.73616,0,True,150.00000,159.75000,-0.25000,2667,False,2,682089,1450,-1.96226,0.57520,-1.96226,0.57520,1,3.66248
6,13,77,60.00000,4.00000,6.92820,0,True,50.00000,60.00000,0.00000,2835,False,2,690029,1234,1.05518,1.86941,1.05518,1.86941,1,0.55764
6,14,78,100.00000,-1.38919,7.87846,0,True,90.00000,100.00000,0.00000,2038,False,2,695817,1418,-0.59238,1.97212,-0.59238,1.97212,1,6.71907
6,15,79,120.00000,-4.00000,6.92820,0,True,110.00000,118.25000,-1.75000,2154,False,2,702405,1701,-1.14774,1.66398,-1.14774,1.66398,1,4.59620
6,16,80,140.00000,-6.12836,5.14230,0,True,130.00000,139.75000,-0.25000,1716,False,2,709144,818,-1.62905,1.21203,-1.62905,1.21203,1,3.35037
7,1,81,160.00000,-7.51754,2.73616,0,True,150.00000,160.00000,0.00000,6788,False,2,783700,5520,-1.83268,0.86280,-1.83268,0.86280,1,-5.21040
7,2,82,140.00000,-6.12836,5.14230,0,True,130.00000,139.75000,-0.25000,4063,False,2,792857,1284,-1.35137,1.52018,-1.35137,1.52018,1,-8.36438
7,3,83,60.00000,4.00000,6.92820,0,True,50.00000,60.25000,0.25000,2404,False,2,799463,1235,0.94411,1.76669,0.94411,1.76669,1,1.88018
7,4,84,120.00000,-4.00000,6.92820,0,True,110.00000,119.00000,-1.00000,1891,False,2,805684,1951,-1.12923,1.66398,-1.12923,1.66398,1,4.16207
7,5,85,20.00000,7.51754,2.73616,0,True,10.00000,19.75000,-0.25000,1619,False,2,812105,1551,1.94375,0.71900,1.94375,0.71900,1,0.29961
7,6,86,100.00000,-1.38919,7.87846,0,True,90.00000,101.00000,1.00000,2982,False,2,820829,1201,-0.64792,1.97212,-0.64792,1.97212,1,8.18741
7,7,87,80.00000,1.38919,7.87846,0,True,70.00000,79.25000,-0.75000,4175,False,2,837075,1651,0.37024,2.01321,0.37024,2.01321,1,-0.42056
7,8,88,40.00000,6.12836,5.14230,0,True,30.00000,39.25000,-0.75000,2253,False,2,844380,1868,1.51798,1.31475,1.51798,1.31475,1,0.89643
8,1,89,20.00000,7.51754,2.73616,-60,True,10.00000,21.50000,1.50000,1669,False,2,852853,3619,1.31435,1.54072,1.99148,-0.36790,1,29.53333
8,2,90,140.00000,-6.12836,5.14230,-60,True,130.00000,140.00000,0.00000,3653,False,2,869616,3819,-2.01780,0.00000,-1.00890,1.74746,1,40.00000
8,3,91,80.00000,1.38919,7.87846,-60,True,70.00000,104.75000,24.75000,7288,False,2,889215,2585,-1.44393,1.39692,0.48781,1.94894,1,55.94804
8,4,92,100.00000,-1.38919,7.87846,-60,True,90.00000,134.50000,34.50000,6217,False,2,900857,1051,-1.70310,1.08878,0.09136,2.01931,1,47.40950
8,5,93,160.00000,-7.51754,2.73616,-60,True,150.00000,199.25000,39.25000,5903,False,2,913483,1417,-2.03631,-0.22597,-1.21385,1.65051,1,26.33222
8,6,94,60.00000,4.00000,6.92820,-60,True,50.00000,25.00000,-35.00000,4300,False,2,925476,2669,0.75899,1.93104,2.05182,0.30822,1,8.54283
8,7,95,120.00000,-4.00000,6.92820,-60,True,110.00000,157.00000,37.00000,4936,False,2,944807,1267,-1.99929,0.24652,-0.78615,1.85469,1,52.97070
8,8,96,40.00000,6.12836,5.14230,-60,True,30.00000,81.00000,41.00000,5401,False,2,956166,967,-0.55536,1.93104,1.39465,1.44647,1,66.04504
8,9,97,60.00000,4.00000,6.92820,-60,True,50.00000,115.00000,55.00000,5505,False,2,967341,1401,-1.75863,1.04769,0.02801,2.04686,1,89.21596
8,10,98,80.00000,1.38919,7.87846,-60,True,70.00000,143.25000,63.25000,6004,False,2,978050,951,-1.96226,0.45195,-0.58973,1.92534,1,87.02976
8,11,99,100.00000,-1.38919,7.87846,-60,True,90.00000,121.75000,21.75000,3270,False,2,986890,1118,-1.75863,1.04769,0.02801,2.04686,1,49.21596
8,12,100,20.00000,7.51754,2.73616,-60,True,10.00000,55.75000,35.75000,6411,False,2,998115,2118,-1.77714,0.92443,-0.08799,2.00127,1,132.51752
8,13,101,120.00000,-4.00000,6.92820,-60,True,110.00000,148.25000,28.25000,4194,False,2,1011426,1067,-1.94375,0.51357,-0.52711,1.94012,1,45.19975
8,14,102,160.00000,-7.51754,2.73616,-60,True,150.00000,203.75000,43.75000,4621,False,2,1021934,1601,-1.33286,-1.49964,-1.96515,0.40447,1,68.36973
8,15,103,40.00000,6.12836,5.14230,-60,True,30.00000,92.25000,52.25000,6084,False,2,1034561,1151,-1.25881,1.60235,0.75827,1.89134,1,88.15326
8,16,104,140.00000,-6.12836,5.14230,-60,True,130.00000,192.75000,52.75000,5756,False,2,1045503,1134,-1.85119,-0.88335,-1.69060,1.16150,1,65.50952
8,17,105,160.00000,-7.51754,2.73616,-60,True,150.00000,237.50000,77.50000,6757,False,2,1057162,1134,-1.35137,-1.52018,-1.99220,0.41023,1,68.36438
8,18,106,20.00000,7.51754,2.73616,-60,True,10.00000,86.75000,66.75000,6441,False,2,1067954,1018,-0.79601,1.84887,1.20316,1.61380,1,93.29375
8,19,107,40.00000,6.12836,5.14230,-60,True,30.00000,112.50000,72.50000,6593,False,2,1078896,1368,-1.59202,1.21203,0.25364,1.98475,1,102.71741
8,20,108,100.00000,-1.38919,7.87846,-60,True,90.00000,137.50000,37.50000,4053,False,2,1090088,2268,-0.94411,1.82832,1.11132,1.73178,1,17.31098
8,21,109,140.00000,-6.12836,5.14230,-60,True,130.00000,207.75000,67.75000,6600,False,2,1102931,1217,-1.64756,-1.19149,-1.85564,0.83108,1,75.87387
8,22,110,120.00000,-4.00000,6.92820,-60,True,110.00000,176.00000,56.00000,5773,False,2,1113189,1367,-1.96226,0.51357,-0.53636,1.95616,1,45.33331
8,23,111,60.00000,4.00000,6.92820,-60,True,50.00000,122.25000,62.25000,5939,False,2,1125016,1952,-1.51798,1.31475,0.37962,1.97198,1,79.10357
8,24,112,80.00000,1.38919,7.87846,-60,True,70.00000,137.00000,57.00000,6289,False,2,1135707,1000,-0.88857,2.11593,1.38816,1.82749,1,32.77963
8,25,113,160.00000,-7.51754,2.73616,-60,True,150.00000,223.50000,63.50000,5637,False,2,1147984,2419,-1.44393,-1.43801,-1.96732,0.53148,1,64.88230
8,26,114,20.00000,7.51754,2.73616,-60,True,10.00000,83.00000,63.00000,6182,False,2,1161894,3535,0.03702,2.03375,1.77979,0.98481,1,68.95717
8,27,115,40.00000,6.12836,5.14230,-60,True,30.00000,116.25000,76.25000,7287,False,2,1175339,1968,-1.35137,1.47909,0.60525,1.90987,1,92.41637
8,28,116,60.00000,4.00000,6.92820,-60,True,50.00000,132.75000,72.75000,7124,False,2,1194387,1418,-1.81417,0.84226,-0.17766,1.99225,1,95.09609
8,29,117,120.00000,-4.00000,6.92820,-60,True,110.00000,181.75000,61.75000,6507,False,2,1205913,1385,-1.99929,0.06163,-0.94627,1.76225,1,58.23436
8,30,118,100.00000,-1.38919,7.87846,-60,True,90.00000,168.00000,68.00000,19933,False,2,1231699,2285,-1.38839,1.45855,0.56895,1.93166,1,33.58829
8,31,119,80.00000,1.38919,7.87846,-60,True,70.00000,126.00000,46.00000,4748,False,2,1242691,950,-1.81417,0.96552,-0.07092,2.05387,1,71.97763
8,32,120,140.00000,-6.12836,5.14230,-60,True,130.00000,230.75000,90.75000,7789,False,2,1256385,1167,-1.40690,-1.43801,-1.94880,0.49941,1,85.62652
8,33,121,120.00000,-4.00000,6.92820,-60,True,110.00000,177.50000,57.50000,5706,False,2,1267010,1284,-2.09185,-0.41086,-1.40174,1.60616,1,71.11201
8,34,122,40.00000,6.12836,5.14230,-60,True,30.00000,103.00000,63.00000,5689,False,2,1277368,867,-1.46244,1.39692,0.47855,1.96497,1,96.31266
8,35,123,160.00000,-7.51754,2.73616,-60,True,150.00000,234.50000,74.50000,6640,False,2,1289211,817,-1.05518,-1.78724,-2.07538,0.02019,1,79.44255
8,36,124,80.00000,1.38919,7.87846,-60,True,70.00000,143.75000,63.75000,6225,False,2,1299502,867,-1.94375,0.69846,-0.36699,2.03257,1,80.23479
8,37,125,100.00000,-1.38919,7.87846,-60,True,90.00000,181.50000,81.50000,7887,False,2,1313613,900,-2.09185,0.00000,-1.04592,1.81159,1,80.00000
8,38,126,20.00000,7.51754,2.73616,-60,True,10.00000,74.00000,54.00000,5476,False,2,1325139,3336,0.38875,1.99267,1.92008,0.65967,1,58.96082
8,39,127,60.00000,4.00000,6.92820,-60,True,50.00000,123.50000,63.50000,6423,False,2,1341535,1050,-1.66607,1.17095,0.18104,2.02833,1,84.89962
8,40,128,140.00000,-6.12836,5.14230,-60,True,130.00000,216.25000,76.25000,6505,False,2,1354812,2768,-1.51798,-1.37638,-1.95097,0.62642,1,82.19917
8,41,129,20.00000,7.51754,2.73616,-60,True,10.00000,79.00000,59.00000,6031,False,2,1366922,1368,0.42577,2.01321,1.95638,0.63787,1,58.05858
8,42,130,160.00000,-7.51754,2.73616,-60,True,150.00000,213.50000,53.50000,5571,False,2,1377914,1151,-1.35137,-1.47909,-1.95662,0.43077,1,67.58363
8,43,131,60.00000,4.00000,6.92820,-60,True,50.00000,129.25000,69.25000,6687,False,2,1390290,1217,-1.88821,0.76009,-0.28585,2.01529,1,98.07298
8,44,132,100.00000,-1.38919,7.87846,-60,True,90.00000,179.50000,79.50000,6974,False,2,1402283,1168,-2.01780,-0.28760,-1.25797,1.60366,1,88.11182
8,45,133,120.00000,-4.00000,6.92820,-60,True,110.00000,174.25000,54.25000,10395,False,2,1417144,1818,-2.01780,0.04109,-0.97332,1.76801,1,58.83340
8,46,134,40.00000,6.12836,5.14230,-60,True,30.00000,90.50000,50.50000,5765,False,2,1431856,2519,-0.05554,2.03375,1.73351,1.06497,1,51.56431
8,47,135,80.00000,1.38919,7.87846,-60,True,70.00000,163.25000,83.25000,11836,False,2,1450504,1768,-1.92524,0.63683,-0.41111,1.98572,1,81.69684
8,48,136,140.00000,-6.12836,5.14230,-60,True,130.00000,200.75000,60.75000,5708,False,2,1459861,1101,-1.74012,-1.06823,-1.79518,0.97287,1,71.54505
8,49,137,20.00000,7.51754,2.73616,-60,True,10.00000,79.25000,59.25000,6006,False,2,1471453,1601,0.16661,2.09538,1.89796,0.90341,1,65.45380
8,50,138,160.00000,-7.51754,2.73616,-60,True,150.00000,226.00000,66.00000,7274,False,2,1483279,1384,-0.87006,-1.82832,-2.01840,-0.16067,1,84.55118
8,51,139,140.00000,-6.12836,5.14230,-60,True,130.00000,200.75000,60.75000,6793,False,2,1494838,2218,-1.92524,-0.94498,-1.78099,1.19482,1,66.14354
8,52,140,60.00000,4.00000,6.92820,-60,True,50.00000,129.50000,69.50000,8992,False,2,1517289,2085,-1.70310,1.10932,0.10915,2.02958,1,86.92165
8,53,141,80.00000,1.38919,7.87846,-60,True,70.00000,166.75000,86.75000,7577,False,2,1530666,967,-2.01780,0.22597,-0.81320,1.86045,1,93.61017
8,54,142,100.00000,-1.38919,7.87846,-60,True,90.00000,190.00000,90.00000,7690,False,2,1542809,801,-1.85119,-0.98606,-1.77955,1.11015,1,108.04257
8,55,143,40.00000,6.12836,5.14230,-60,True,30.00000,91.75000,51.75000,5293,False,2,1552499,1634,-0.31470,2.03375,1.60393,1.28942,1,58.79612
8,56,144,120.00000,-4.00000,6.92820,-60,True,110.00000,170.00000,50.00000,5936,False,2,1564242,1268,-2.05482,0.20543,-0.84950,1.88224,1,54.29084
8,57,145,20.00000,7.51754,2.73616,-60,True,10.00000,89.50000,69.50000,6286,False,2,1576552,1518,0.11107,2.01321,1.79903,0.91041,1,66.84216
8,58,146,40.00000,6.12836,5.14230,-60,True,30.00000,108.25000,68.25000,6202,False,2,1589111,1317,-1.31435,1.52018,0.65934,1.89835,1,90.84674
8,59,147,100.00000,-1.38919,7.87846,-60,True,90.00000,167.00000,67.00000,7095,False,2,1617650,1134,-1.90673,0.76009,-0.29511,2.03132,1,58.26603
8,60,148,80.00000,1.38919,7.87846,-60,True,70.00000,194.75000,114.75000,9390,False,2,1632745,1401,-1.70310,-1.10932,-1.81225,0.92026,1,133.07835
8,61,149,140.00000,-6.12836,5.14230,-60,True,130.00000,193.00000,53.00000,5779,False,2,1640902,834,-1.96226,-0.67792,-1.56822,1.36041,1,59.05897
8,62,150,60.00000,4.00000,6.92820,-60,True,50.00000,123.25000,63.25000,6493,False,2,1651176,984,-1.61054,1.21203,0.24439,2.00078,1,83.03630
8,63,151,160.00000,-7.51754,2.73616,-60,True,150.00000,234.50000,74.50000,6457,False,2,1663586,2085,-1.07369,-1.70507,-2.01348,0.07731,1,77.80120
8,64,152,120.00000,-4.00000,6.92820,-60,True,110.00000,171.00000,51.00000,12625,False,2,1683284,2735,-1.99929,0.18489,-0.83953,1.82388,1,54.71644
8,65,153,120.00000,-4.00000,6.92820,-60,True,110.00000,169.50000,49.50000,5218,False,2,1693392,1067,-2.01780,0.24652,-0.79541,1.87072,1,53.03454
8,66,154,160.00000,-7.51754,2.73616,-60,True,150.00000,230.75000,70.75000,6623,False,2,1706586,3019,-1.61054,-1.27366,-1.90829,0.75793,1,58.33793
8,67,155,140.00000,-6.12836,5.14230,-60,True,130.00000,191.50000,51.50000,6216,False,2,1720430,2185,-1.40690,-1.47909,-1.98438,0.47887,1,86.43289
8,68,156,80.00000,1.38919,7.87846,-60,True,70.00000,139.00000,59.00000,6270,False,2,1732589,1751,-1.92524,0.67792,-0.37552,2.00626,1,80.60170
8,69,157,60.00000,4.00000,6.92820,-60,True,50.00000,133.25000,73.25000,13474,False,2,1752787,1917,-1.72161,1.04769,0.04652,2.01480,1,88.67729
8,70,158,40.00000,6.12836,5.14230,-60,True,30.00000,88.50000,48.50000,4920,False,2,1763179,1200,-0.55536,1.95158,1.41244,1.45674,1,65.88473
8,71,159,100.00000,-1.38919,7.87846,-60,True,90.00000,163.75000,63.75000,6291,False,2,1774138,1284,-1.98077,0.36977,-0.67015,1.90029,1,69.42574
8,72,160,20.00000,7.51754,2.73616,-60,True,10.00000,75.75000,55.75000,5335,False,2,1784763,1018,0.29619,1.99267,1.87380,0.73983,1,61.54547
8,73,161,120.00000,-4.00000,6.92820,-60,True,110.00000,172.75000,52.75000,5388,False,2,1795188,984,-2.07333,-0.08217,-1.10783,1.75447,1,62.26955
8,74,162,160.00000,-7.51754,2.73616,-60,True,150.00000,222.75000,62.75000,5722,False,2,1805762,917,-1.12923,-1.68452,-2.02345,0.13568,1,76.16379
8,75,163,60.00000,4.00000,6.92820,-60,True,50.00000,122.25000,62.25000,5821,False,2,1817271,1000,-1.90673,0.61629,-0.41964,1.95942,1,102.08822
8,76,164,20.00000,7.51754,2.73616,-60,True,10.00000,80.50000,60.50000,5221,False,2,1827846,1134,0.22214,2.01321,1.85456,0.81422,1,63.70339
8,77,165,40.00000,6.12836,5.14230,-60,True,30.00000,108.00000,68.00000,5755,False,2,1838638,1168,-1.20327,1.64344,0.82162,1.86378,1,86.21030
8,78,166,80.00000,1.38919,7.87846,-60,True,70.00000,158.50000,78.50000,6808,False,2,1850497,1751,-1.81417,0.94498,-0.08871,2.04360,1,72.48552
8,79,167,140.00000,-6.12836,5.14230,-60,True,130.00000,199.00000,59.00000,5551,False,2,1861372,950,-1.72161,-1.08878,-1.80371,0.94657,1,72.31006
8,80,168,100.00000,-1.38919,7.87846,-60,True,90.00000,147.75000,47.75000,7908,False,2,1874799,1851,-1.98077,0.43140,-0.61678,1.93110,1,67.71319
8,81,169,120.00000,-4.00000,6.92820,-60,True,110.00000,179.50000,59.50000,5852,False,2,1885641,1017,-2.09185,-0.12326,-1.15267,1.74996,1,63.37219
8,82,170,140.00000,-6.12836,5.14230,-60,True,130.00000,196.00000,56.00000,6241,False,2,1896499,1451,-1.92524,-0.59575,-1.47855,1.36943,1,57.19426
8,83,171,80.00000,1.38919,7.87846,-60,True,70.00000,146.00000,66.00000,6106,False,2,1906824,834,-2.01780,0.30814,-0.74204,1.90154,1,91.31739
8,84,172,60.00000,4.00000,6.92820,-60,True,50.00000,129.25000,69.25000,6009,False,2,1916631,967,-1.85119,0.92443,-0.12501,2.06539,1,93.46380
8,85,173,100.00000,-1.38919,7.87846,-60,True,90.00000,178.00000,78.00000,7000,False,2,1931426,734,-2.11036,-0.12326,-1.16192,1.76599,1,83.34268
8,86,174,20.00000,7.51754,2.73616,-60,True,10.00000,73.50000,53.50000,4793,False,2,1940817,2135,-0.27768,2.01321,1.60465,1.24708,1,77.85320
8,87,175,40.00000,6.12836,5.14230,-60,True,30.00000,93.00000,53.00000,5279,False,2,1966854,1451,-0.61089,1.91050,1.34909,1.48430,1,67.73188
8,88,176,160.00000,-7.51754,2.73616,-60,True,150.00000,213.75000,53.75000,5439,False,2,1976895,934,-1.35137,-1.49964,-1.97441,0.42050,1,67.97705
8,89,177,160.00000,-7.51754,2.73616,-60,True,150.00000,215.50000,55.50000,5390,False,2,1986736,968,-1.61054,-1.29421,-1.92608,0.74766,1,58.78493
8,90,178,20.00000,7.51754,2.73616,-60,True,10.00000,86.00000,66.00000,6009,False,2,1998745,3319,1.77714,1.10932,1.84927,-0.98439,1,11.97309
8,91,179,140.00000,-6.12836,5.14230,-60,True,130.00000,199.25000,59.25000,5794,False,2,2011772,817,-1.61054,-1.19149,-1.83713,0.79902,1,76.49432
8,92,180,40.00000,6.12836,5.14230,-60,True,30.00000,110.50000,70.50000,6671,False,2,2024832,1618,-1.51798,1.31475,0.37962,1.97198,1,99.10357
8,93,181,120.00000,-4.00000,6.92820,-60,True,110.00000,179.75000,59.75000,6361,False,2,2039910,817,-1.99929,0.16434,-0.85732,1.81360,1,55.30090
8,94,182,100.00000,-1.38919,7.87846,-60,True,90.00000,171.25000,71.25000,6689,False,2,2052119,1034,-2.01780,0.16434,-0.86657,1.82964,1,75.34381
8,95,183,60.00000,4.00000,6.92820,-60,True,50.00000,148.25000,88.25000,7489,False,2,2065229,1467,-1.72161,1.06823,0.06431,2.02507,1,88.18110
8,96,184,80.00000,1.38919,7.87846,-60,True,70.00000,159.75000,79.75000,7474,False,2,2077389,1484,-2.11036,0.22597,-0.85948,1.94061,1,93.88825
8,97,185,100.00000,-1.38919,7.87846,-60,True,90.00000,189.50000,89.50000,11722,False,2,2095937,1518,-1.90673,-0.67792,-1.54046,1.31231,1,99.57237
8,98,186,140.00000,-6.12836,5.14230,-60,True,130.00000,199.75000,59.75000,6889,False,2,2107712,1117,-1.62905,-1.19149,-1.84639,0.81505,1,76.18180
8,99,187,60.00000,4.00000,6.92820,-60,True,50.00000,129.50000,69.50000,6808,False,2,2119855,1551,-1.70310,1.06823,0.07357,2.00904,1,87.90296
8,100,188,20.00000,7.51754,2.73616,-60,True,10.00000,88.75000,68.75000,6321,False,2,2131464,1234,-0.37024,1.97212,1.52279,1.30670,1,80.63278
8,101,189,40.00000,6.12836,5.14230,-60,True,30.00000,124.50000,84.50000,7627,False,2,2143490,1134,-1.79565,0.90389,-0.11504,2.00703,1,113.28034
8,102,190,160.00000,-7.51754,2.73616,-60,True,150.00000,246.50000,86.50000,7105,False,2,2156200,1351,-0.83304,-1.82832,-1.99989,-0.19273,1,85.50450
8,103,191,80.00000,1.38919,7.87846,-60,True,70.00000,151.00000,71.00000,7878,False,2,2169226,2518,-1.86970,1.02715,-0.04531,2.13278,1,71.21709
8,104,192,120.00000,-4.00000,6.92820,-60,True,110.00000,181.00000,61.00000,5621,False,2,2178934,884,-2.05482,-0.16434,-1.16974,1.69736,1,64.57266
8,105,193,100.00000,-1.38919,7.87846,-60,True,90.00000,184.50000,84.50000,7588,False,2,2193011,1834,-2.09185,-0.30814,-1.31278,1.65752,1,88.37969
8,106,194,40.00000,6.12836,5.14230,-60,True,30.00000,101.25000,61.25000,6487,False,2,2204053,968,-1.16625,1.64344,0.84013,1.83172,1,85.36102
8,107,195,160.00000,-7.51754,2.73616,-60,True,150.00000,217.50000,57.50000,5391,False,2,2213827,1200,-1.59202,-1.27366,-1.89904,0.74190,1,58.66077
8,108,196,140.00000,-6.12836,5.14230,-60,True,130.00000,209.50000,69.50000,6456,False,2,2226187,2118,-1.62905,-1.17095,-1.82860,0.82532,1,75.70832
8,109,197,20.00000,7.51754,2.73616,-60,True,10.00000,91.75000,71.75000,6872,False,2,2238046,1985,-0.24065,2.01321,1.62316,1.21502,1,76.81653
8,110,198,80.00000,1.38919,7.87846,-60,True,70.00000,156.25000,76.25000,6688,False,2,2249805,1401,-1.99929,0.55466,-0.51929,2.00876,1,84.49447
8,111,199,120.00000,-4.00000,6.92820,-60,True,110.00000,203.50000,83.50000,7756,False,2,2262315,1385,-1.79565,-0.92443,-1.69841,1.09287,1,87.24015
8,112,200,60.00000,4.00000,6.92820,-60,True,50.00000,128.00000,68.00000,6072,False,2,2274324,2285,-1.83268,0.82172,-0.20471,1.99801,1,95.84993
8,113,201,60.00000,4.00000,6.92820,-60,True,50.00000,128.25000,68.25000,8275,False,2,2286667,1401,-1.40690,1.47909,0.57748,1.95796,1,73.56711
8,114,202,20.00000,7.51754,2.73616,-60,True,10.00000,94.50000,74.50000,6574,False,2,2298776,2335,-0.70345,1.88995,1.28502,1.55418,1,90.41555
8,115,203,40.00000,6.12836,5.14230,-60,True,30.00000,87.50000,47.50000,4836,False,2,2319275,2434,-0.20363,1.99267,1.62389,1.17268,1,55.83477
8,116,204,100.00000,-1.38919,7.87846,-60,True,90.00000,160.50000,60.50000,5614,False,2,2331435,801,-1.98077,0.51357,-0.54562,1.97219,1,65.46454
8,117,205,80.00000,1.38919,7.87846,-60,True,70.00000,137.25000,57.25000,5793,False,2,2341359,984,-1.92524,0.55466,-0.48227,1.94463,1,83.92835
8,118,206,120.00000,-4.00000,6.92820,-60,True,110.00000,191.75000,71.75000,6407,False,2,2353252,1535,-1.98077,-0.90389,-1.77318,1.26346,1,84.52876
8,119,207,160.00000,-7.51754,2.73616,-60,True,150.00000,233.00000,73.00000,6191,False,2,2364927,2902,-1.25881,-1.56127,-1.98150,0.30953,1,71.12170
8,120,208,140.00000,-6.12836,5.14230,-60,True,130.00000,191.50000,51.50000,5918,False,2,2375986,1068,-1.99929,-0.57520,-1.49778,1.44383,1,56.05064
9,1,209,120.00000,-4.00000,6.92820,0,True,110.00000,182.00000,62.00000,6225,False,2,2387078,1685,-6.07190,-1.19149,-1.00204,1.73559,1,71.10210
9,3,211,140.00000,-6.12836,5.14230,0,True,130.00000,185.25000,45.25000,5227,False,2,2406059,1535,-2.14738,0.69846,-1.60406,1.34597,1,21.98229
9,4,212,160.00000,-7.51754,2.73616,0,True,150.00000,219.00000,59.00000,5171,False,2,2415800,1150,-2.01780,0.32869,-1.88740,0.68696,1,10.74805
9,5,213,40.00000,6.12836,5.14230,0,True,30.00000,85.75000,45.75000,4571,False,2,2425223,1450,0.12958,2.99927,1.55290,1.30303,1,47.52614
9,6,214,80.00000,1.38919,7.87846,0,True,70.00000,132.25000,52.25000,5858,False,2,2435481,1551,-4.31327,2.83493,0.35474,2.01183,1,66.68477
9,7,215,100.00000,-1.38919,7.87846,0,True,90.00000,163.50000,63.50000,5908,False,2,2445756,1534,-3.55429,1.43801,-0.35309,2.00246,1,57.97252
9,8,216,60.00000,4.00000,6.92820,0,True,50.00000,129.75000,69.75000,6119,False,2,2458666,2401,-4.60946,4.97140,1.00031,1.73259,1,72.83654
9,9,217,160.00000,-7.51754,2.73616,0,True,150.00000,207.00000,47.00000,6142,False,2,2467790,1718,-2.85083,-1.91050,-1.90333,0.69275,1,53.82824
9,10,218,20.00000,7.51754,2.73616,0,True,10.00000,87.75000,67.75000,6175,False,2,2479115,2018,0.01851,5.83420,1.89142,0.68842,1,69.81822
9,11,219,140.00000,-6.12836,5.14230,0,True,130.00000,172.50000,32.50000,3858,False,2,2486938,2068,-2.42506,0.22597,-1.53435,1.28748,1,34.67648
9,12,220,80.00000,1.38919,7.87846,0,True,70.00000,143.50000,63.50000,6637,False,2,2500215,3053,-5.07226,2.93764,0.34942,1.98165,1,69.92238
9,13,221,120.00000,-4.00000,6.92820,0,True,110.00000,167.75000,47.75000,4705,False,2,2508821,1884,-2.81381,0.71900,-1.01479,1.75767,1,45.66619
9,14,222,100.00000,-1.38919,7.87846,0,True,90.00000,161.50000,61.50000,5770,False,2,2520914,2352,-0.33321,1.99267,-0.35081,1.98956,1,-0.50695
9,15,223,60.00000,4.00000,6.92820,0,True,50.00000,62.50000,2.50000,1819,False,2,2526635,1201,0.99964,1.82832,1.04160,1.80410,1,1.33222
9,16,224,40.00000,6.12836,5.14230,0,True,30.00000,39.75000,-0.25000,2427,False,2,2531872,667,1.59202,1.27366,1.56139,1.31017,1,-1.33923
9,17,225,20.00000,7.51754,2.73616,0,True,10.00000,20.75000,0.75000,2779,False,2,2537326,750,2.01780,0.98606,2.09867,0.76385,1,6.04387
9,18,226,100.00000,-1.38919,7.87846,0,True,90.00000,101.00000,1.00000,1544,False,2,2541947,1285,-0.83304,1.91050,-0.35183,1.99534,1,13.55876
9,19,227,40.00000,6.12836,5.14230,0,True,30.00000,40.75000,0.75000,1857,False,2,2546884,684,1.64756,1.43801,1.67491,1.40541,1,1.11484
9,20,228,160.00000,-7.51754,2.73616,0,True,150.00000,161.75000,1.75000,1562,False,2,2553289,3202,-1.83268,1.00661,-1.94181,0.70676,1,-8.77804
9,21,229,120.00000,-4.00000,6.92820,0,True,110.00000,120.00000,0.00000,1466,False,2,2558526,1251,-1.72161,1.43801,-1.05308,1.82398,1,20.12899
9,22,230,60.00000,4.00000,6.92820,0,True,50.00000,61.25000,1.25000,1653,False,2,2566432,2785,0.62940,1.97212,1.01131,1.75163,1,12.29957
9,23,231,140.00000,-6.12836,5.14230,0,True,130.00000,140.25000,0.25000,1502,False,2,2571236,1001,-1.79565,1.02715,-1.55951,1.30858,1,10.22953
9,24,232,80.00000,1.38919,7.87846,0,True,70.00000,82.00000,2.00000,2042,False,2,2575990,651,0.51833,1.95158,0.34937,1.98137,1,-4.87408
10,1,233,80.00000,1.38919,7.87846,-60,True,70.00000,79.75000,-0.25000,2919,False,2,2605813,5888,0.00000,2.01321,1.74349,1.00661,1,10.00000
10,2,234,140.00000,-6.12836,5.14230,-60,True,130.00000,108.50000,-31.50000,4101,False,2,2619273,984,-1.12923,1.66398,0.87644,1.80993,1,-15.83793
10,3,235,40.00000,6.12836,5.14230,-60,True,30.00000,88.75000,48.75000,5177,False,2,2635535,2318,-0.31470,2.03375,1.60393,1.28942,1,58.79612
10,4,236,20.00000,7.51754,2.73616,-60,True,10.00000,74.50000,54.50000,5068,False,2,2646627,1684,-0.09256,2.05430,1.73279,1.10731,1,72.57981
10,5,237,100.00000,-1.38919,7.87846,-60,True,90.00000,157.75000,57.75000,5673,False,2,2656635,1217,-1.88821,0.82172,-0.23248,2.04610,1,56.48206
10,6,238,60.00000,4.00000,6.92820,-60,True,50.00000,118.75000,58.75000,5735,False,2,2669395,1168,-1.61054,1.25312,0.27997,2.02133,1,82.11443
10,7,239,120.00000,-4.00000,6.92820,-60,True,110.00000,185.50000,65.50000,5551,False,2,2680703,700,-1.61054,-1.27366,-1.90829,0.75793,1,98.33793
10,8,240,160.00000,-7.51754,2.73616,-60,True,150.00000,218.00000,58.00000,5231,False,2,2694631,700,-1.29583,-1.56127,-2.00001,0.34159,1,70.30785
10,9,241,80.00000,1.38919,7.87846,-60,True,70.00000,165.00000,85.00000,7137,False,2,2707891,1217,-2.01780,0.24652,-0.79541,1.87072,1,93.03454
10,10,242,140.00000,-6.12836,5.14230,-60,True,130.00000,218.00000,78.00000,6492,False,2,2718733,1735,-1.57351,-1.29421,-1.90757,0.71560,1,79.43725
10,11,243,120.00000,-4.00000,6.92820,-60,True,110.00000,212.00000,92.00000,7674,False,2,2730475,850,-1.38839,-1.54072,-2.02850,0.43202,1,107.97702
10,12,244,160.00000,-7.51754,2.73616,-60,True,150.00000,245.50000,85.50000,7473,False,2,2743202,2552,-0.68494,-1.93104,-2.01480,-0.37234,1,90.47040
10,13,245,20.00000,7.51754,2.73616,-60,True,10.00000,83.75000,63.75000,6036,False,2,2753977,1535,-0.14810,2.07484,1.72282,1.16567,1,74.08279
10,14,246,40.00000,6.12836,5.14230,-60,True,30.00000,105.75000,65.75000,5841,False,2,2763767,1167,-1.38839,1.60235,0.69348,2.00356,1,90.90798
10,15,247,100.00000,-1.38919,7.87846,-60,True,90.00000,177.25000,77.25000,6401,False,2,2777962,2702,-2.07333,0.04109,-1.00109,1.81610,1,78.86464
10,16,248,60.00000,4.00000,6.92820,-60,True,50.00000,145.25000,85.25000,7469,False,2,2790705,1434,-1.72161,1.06823,0.06431,2.02507,1,88.18110
10,17,249,40.00000,6.12836,5.14230,-60,True,30.00000,126.50000,86.50000,7801,False,2,2805499,1834,-1.61054,1.23258,0.26218,2.01105,1,102.57241
10,18,250,120.00000,-4.00000,6.92820,-60,True,110.00000,207.75000,87.75000,7472,False,2,2818676,1934,-1.44393,-1.43801,-1.96732,0.53148,1,104.88230
10,19,251,140.00000,-6.12836,5.14230,-60,True,130.00000,241.75000,101.75000,9491,False,2,2833237,2134,-1.01815,-1.74615,-2.02129,0.00867,1,99.75427
10,20,252,60.00000,4.00000,6.92820,-60,True,50.00000,137.50000,77.50000,6739,False,2,2845447,2819,-1.36988,1.49964,0.61378,1.93617,1,72.41084
10,21,253,20.00000,7.51754,2.73616,-60,True,10.00000,86.25000,66.25000,6319,False,2,2856272,867,-0.20363,2.05430,1.67726,1.20350,1,75.66088
10,22,254,160.00000,-7.51754,2.73616,-60,True,150.00000,257.25000,97.25000,8362,False,2,2868231,1100,-0.05554,-2.03375,-1.78905,-0.96878,1,108.43569
10,23,255,80.00000,1.38919,7.87846,-60,True,70.00000,171.50000,91.50000,7861,False,2,2880474,1618,-1.98077,-0.28760,-1.23946,1.57160,1,108.26139
10,24,256,100.00000,-1.38919,7.87846,-60,True,90.00000,174.50000,74.50000,6941,False,2,2892700,2152,-1.98077,-0.45195,-1.38178,1.48943,1,92.85308
