task_idx,trial_idx,cutrial_no,targetangle_deg,targetx_cm,targety_cm,cursortype,rotation_deg,doaiming_bool,aimstart_deg,aim_deg,aimdeviation_deg,aimtime_ms,phase,cutime_ms,time_ms,mousex_cm,mousey_cm,cursorx_cm,cursory_cm,deviation_bool,reachdeviation_deg
2,1,1,100.00000,-1.38919,7.87846,regular,0,True,90.00000,99.75000,-0.25000,6388.00000,2,78640,4953,-0.70345,1.91050,-0.70345,1.91050,1,10.21381
2,2,2,20.00000,7.51754,2.73616,regular,0,True,10.00000,19.75000,-0.25000,4520.00000,2,87564,1134,1.88821,0.82172,1.88821,0.82172,1,3.51794
2,3,3,160.00000,-7.51754,2.73616,regular,0,True,150.00000,159.00000,-1.00000,3122.00000,2,97005,3286,-2.01780,0.67792,-2.01780,0.67792,1,1.42920
2,4,4,40.00000,6.12836,5.14230,regular,0,True,30.00000,38.00000,-2.00000,2934.00000,2,104594,1368,1.74012,1.25312,1.74012,1.25312,1,-4.24105
2,5,5,60.00000,4.00000,6.92820,regular,0,True,50.00000,58.75000,-1.25000,2854.00000,2,111766,934,1.25881,1.62289,1.25881,1.62289,1,-7.79928
2,6,6,80.00000,1.38919,7.87846,regular,0,True,70.00000,79.75000,-0.25000,3053.00000,2,119956,1168,0.53685,2.07484,0.53685,2.07484,1,-4.50673
2,7,7,140.00000,-6.12836,5.14230,regular,0,True,130.00000,139.00000,-1.00000,2986.00000,2,128029,1435,-1.66607,1.25312,-1.66607,1.25312,1,3.05166
2,8,8,120.00000,-4.00000,6.92820,regular,0,True,110.00000,120.00000,0.00000,3021.00000,2,135501,1084,-1.22179,1.82832,-1.22179,1.82832,1,3.75316
2,9,9,140.00000,-6.12836,5.14230,regular,0,True,130.00000,140.00000,0.00000,2856.00000,2,142323,1018,-1.83268,1.15041,-1.83268,1.15041,1,7.88268
2,10,10,40.00000,6.12836,5.14230,regular,0,True,30.00000,39.50000,-0.50000,3958.00000,2,149979,984,1.59202,1.31475,1.59202,1.31475,1,-0.44882
2,11,11,100.00000,-1.38919,7.87846,regular,0,True,90.00000,99.75000,-0.25000,2941.00000,2,157601,2201,-0.27768,2.15701,-0.27768,2.15701,1,-2.66444
2,12,12,160.00000,-7.51754,2.73616,regular,0,True,150.00000,159.75000,-0.25000,3018.00000,2,165357,1151,-1.86970,0.86280,-1.86970,0.86280,1,-4.77164
2,13,13,20.00000,7.51754,2.73616,regular,0,True,10.00000,19.25000,-0.75000,3204.00000,2,172713,1134,1.90673,0.86280,1.90673,0.86280,1,4.34687
2,14,14,80.00000,1.38919,7.87846,regular,0,True,70.00000,79.50000,-0.50000,2673.00000,2,179418,934,0.61089,2.09538,0.61089,2.09538,1,-6.25359
2,15,15,120.00000,-4.00000,6.92820,regular,0,True,110.00000,120.00000,0.00000,2389.00000,2,185706,984,-1.05518,1.84887,-1.05518,1.84887,1,-0.28590
2,16,16,60.00000,4.00000,6.92820,regular,0,True,50.00000,59.50000,-0.50000,2589.00000,2,192027,883,0.99964,1.78724,0.99964,1.78724,1,0.78082
2,17,17,140.00000,-6.12836,5.14230,regular,0,True,130.00000,139.00000,-1.00000,2973.00000,2,198683,1034,-1.61054,1.43801,-1.61054,1.43801,1,-1.76085
2,18,18,20.00000,7.51754,2.73616,regular,0,True,10.00000,19.75000,-0.25000,3656.00000,2,206322,1017,1.96226,0.84226,1.96226,0.84226,1,3.23044
2,19,19,80.00000,1.38919,7.87846,regular,0,True,70.00000,79.75000,-0.25000,2939.00000,2,213294,967,0.49982,2.09538,0.49982,2.09538,1,-3.41630
2,20,20,60.00000,4.00000,6.92820,regular,0,True,50.00000,60.00000,0.00000,2990.00000,2,220032,833,1.07369,1.72561,1.07369,1.72561,1,-1.89024
2,21,21,120.00000,-4.00000,6.92820,regular,0,True,110.00000,120.00000,0.00000,2125.00000,2,225703,1067,-1.33286,1.54072,-1.33286,1.54072,1,10.86272
2,22,22,40.00000,6.12836,5.14230,regular,0,True,30.00000,39.00000,-1.00000,2437.00000,2,232475,1050,1.62905,1.31475,1.62905,1.31475,1,-1.09420
2,23,23,160.00000,-7.51754,2.73616,regular,0,True,150.00000,159.75000,-0.25000,2221.00000,2,238580,817,-1.98077,0.53412,-1.98077,0.53412,1,4.90897
2,24,24,100.00000,-1.38919,7.87846,regular,0,True,90.00000,101.00000,1.00000,2153.00000,2,245485,984,-0.55536,2.01321,-0.55536,2.01321,1,5.42194
3,1,25,120.00000,-4.00000,6.92820,nocursor,0,False,,,,,2,280112,6454,-1.66607,1.10932,0.00000,0.00000,1,26.34312
3,2,26,100.00000,-1.38919,7.87846,nocursor,0,False,,,,,2,288352,2050,-0.66643,1.93104,0.00000,0.00000,1,9.04030
3,3,27,140.00000,-6.12836,5.14230,nocursor,0,False,,,,,2,294790,1441,-1.79565,0.98606,0.00000,0.00000,1,11.22713
3,4,28,160.00000,-7.51754,2.73616,nocursor,0,False,,,,,2,301029,1541,-1.92524,0.73955,0.00000,0.00000,1,-1.01348
3,5,29,60.00000,4.00000,6.92820,nocursor,0,False,,,,,2,307784,2091,1.25881,1.60235,0.00000,0.00000,1,-8.15326
3,6,30,40.00000,6.12836,5.14230,nocursor,0,False,,,,,2,314805,2356,1.51798,1.33529,0.00000,0.00000,1,1.33645
3,7,31,80.00000,1.38919,7.87846,nocursor,0,False,,,,,2,321211,1456,0.51833,1.99267,0.00000,0.00000,1,-4.58057
3,8,32,20.00000,7.51754,2.73616,nocursor,0,False,,,,,2,328166,1691,1.98077,0.55466,0.00000,0.00000,1,-4.35656
3,9,33,100.00000,-1.38919,7.87846,nocursor,0,False,,,,,2,335439,1891,-0.81452,1.88995,0.00000,0.00000,1,13.31480
3,10,34,20.00000,7.51754,2.73616,nocursor,0,False,,,,,2,342144,1625,2.01780,0.73955,0.00000,0.00000,1,0.12854
3,11,35,120.00000,-4.00000,6.92820,nocursor,0,False,,,,,2,347098,1495,-1.14774,1.64344,0.00000,0.00000,1,4.92955
3,12,36,60.00000,4.00000,6.92820,nocursor,0,False,,,,,2,353136,1608,1.12923,1.74615,0.00000,0.00000,1,-2.89063
3,13,37,160.00000,-7.51754,2.73616,nocursor,0,False,,,,,2,358773,1543,-1.88821,0.71900,0.00000,0.00000,1,-0.84603
3,14,38,40.00000,6.12836,5.14230,nocursor,0,False,,,,,2,365278,1779,1.53649,1.29421,0.00000,0.00000,1,0.10797
3,15,39,140.00000,-6.12836,5.14230,nocursor,0,False,,,,,2,370316,1545,-1.62905,1.31475,0.00000,0.00000,1,1.09420
3,16,40,80.00000,1.38919,7.87846,nocursor,0,False,,,,,2,376804,1541,0.37024,1.99267,0.00000,0.00000,1,-0.52558
4,1,41,20.00000,7.51754,2.73616,regular,0,True,10.00000,19.50000,-0.50000,6204.00000,2,404959,8923,1.98077,0.59575,1.98077,0.59575,1,-3.26045
4,2,42,60.00000,4.00000,6.92820,regular,0,True,50.00000,59.25000,-0.75000,2967.00000,2,414400,1868,1.22179,1.66398,1.22179,1.66398,1,-6.28826
4,3,43,80.00000,1.38919,7.87846,regular,0,True,70.00000,79.50000,-0.50000,2753.00000,2,422823,2185,0.25917,2.01321,0.25917,2.01321,1,2.66439
4,4,44,100.00000,-1.38919,7.87846,regular,0,True,90.00000,100.50000,0.50000,2534.00000,2,429862,1134,-0.53685,2.01321,-0.53685,2.01321,1,4.93126
4,5,45,140.00000,-6.12836,5.14230,regular,0,True,130.00000,139.50000,-0.50000,1868.00000,2,436634,1034,-1.64756,1.17095,-1.64756,1.17095,1,4.59792
4,6,46,120.00000,-4.00000,6.92820,regular,0,True,110.00000,119.25000,-0.75000,3287.00000,2,445107,1518,-1.16625,1.64344,-1.16625,1.64344,1,5.36102
4,7,47,160.00000,-7.51754,2.73616,regular,0,True,150.00000,158.50000,-1.50000,1834.00000,2,451595,950,-2.03631,0.45195,-2.03631,0.45195,1,7.48630
4,8,48,40.00000,6.12836,5.14230,regular,0,True,30.00000,38.50000,-1.50000,2455.00000,2,458968,1151,1.57351,1.33529,1.57351,1.33529,1,0.31814
4,9,49,20.00000,7.51754,2.73616,regular,0,True,10.00000,19.75000,-0.25000,3172.00000,2,466106,1167,1.96226,0.90389,1.96226,0.90389,1,4.73256
4,10,50,140.00000,-6.12836,5.14230,regular,0,True,130.00000,139.00000,-1.00000,2190.00000,2,473129,2169,-1.64756,1.17095,-1.64756,1.17095,1,4.59792
4,11,51,40.00000,6.12836,5.14230,regular,0,True,30.00000,38.00000,-2.00000,2250.00000,2,480468,1251,1.64756,1.19149,1.64756,1.19149,1,-4.12613
4,12,52,120.00000,-4.00000,6.92820,regular,0,True,110.00000,119.50000,-0.50000,2103.00000,2,486856,1001,-1.31435,1.64344,-1.31435,1.64344,1,8.65126
4,13,53,160.00000,-7.51754,2.73616,regular,0,True,150.00000,160.00000,0.00000,2203.00000,2,493845,1118,-1.96226,0.67792,-1.96226,0.67792,1,0.94103
4,14,54,60.00000,4.00000,6.92820,regular,0,True,50.00000,59.50000,-0.50000,2487.00000,2,500850,901,1.11071,1.68452,1.11071,1.68452,1,-3.39938
4,15,55,80.00000,1.38919,7.87846,regular,0,True,70.00000,79.25000,-0.75000,1755.00000,2,506705,951,0.35173,2.07484,0.35173,2.07484,1,0.37860
4,16,56,100.00000,-1.38919,7.87846,regular,0,True,90.00000,99.50000,-0.50000,2237.00000,2,514360,2001,-0.53685,2.01321,-0.53685,2.01321,1,4.93126
5,1,57,160.00000,-7.51754,2.73616,clamped,-80,True,150.00000,159.00000,-1.00000,13376.00000,2,544017,3937,-1.94375,-0.49303,0.28789,1.63271,1,34.23284
5,2,58,80.00000,1.38919,7.87846,clamped,-80,True,70.00000,156.75000,76.75000,13076.00000,2,586316,6488,-1.42542,1.41746,1.14841,-0.00000,1,55.16043
5,3,59,40.00000,6.12836,5.14230,clamped,80,True,30.00000,79.00000,39.00000,14514.00000,2,610701,2001,0.61089,1.91050,-0.84801,1.46879,1,32.26812
5,4,60,60.00000,4.00000,6.92820,clamped,100,True,50.00000,359.25000,-60.75000,5576.00000,2,628131,1567,-1.66607,1.17095,-0.17012,0.06192,1,84.89962
5,5,61,120.00000,-4.00000,6.92820,clamped,100,True,110.00000,90.00000,-30.00000,4890.00000,2,644644,1318,-0.44429,1.95158,-1.46488,-1.22918,1,-17.17482
5,6,62,100.00000,-1.38919,7.87846,clamped,-100,True,90.00000,141.25000,41.25000,5686.00000,2,657371,1351,-1.62905,1.19149,1.45627,-0.00000,1,43.81820
5,7,63,140.00000,-6.12836,5.14230,clamped,80,True,130.00000,141.00000,1.00000,4817.00000,2,672382,3719,-0.22214,-2.09538,0.90142,0.75638,1,123.94844
5,8,64,20.00000,7.51754,2.73616,clamped,-100,True,10.00000,20.25000,0.25000,7730.00000,2,688795,2469,1.16625,-1.66398,0.09148,-0.51880,1,-74.97416
6,1,65,100.00000,-1.38919,7.87846,regular,0,True,90.00000,100.50000,0.50000,2835.00000,2,712963,3770,-0.72196,1.86941,-0.72196,1.86941,1,11.11640
6,2,66,80.00000,1.38919,7.87846,regular,0,True,70.00000,80.50000,0.50000,2547.00000,2,720286,1068,0.37024,2.01321,0.37024,2.01321,1,-0.42056
6,3,67,140.00000,-6.12836,5.14230,regular,0,True,130.00000,139.25000,-0.75000,2555.00000,2,728125,2218,-1.59202,1.27366,-1.59202,1.27366,1,1.33923
6,4,68,160.00000,-7.51754,2.73616,regular,0,True,150.00000,158.50000,-1.50000,1765.00000,2,734513,1017,-1.98077,0.39032,-1.98077,0.39032,1,8.85242
6,5,69,60.00000,4.00000,6.92820,regular,0,True,50.00000,59.00000,-1.00000,2720.00000,2,741669,1051,1.14774,1.68452,1.14774,1.68452,1,-4.26838
6,6,70,20.00000,7.51754,2.73616,regular,0,True,10.00000,20.25000,0.25000,2307.00000,2,748641,1968,1.94375,0.94498,1.94375,0.94498,1,5.92732
6,7,71,40.00000,6.12836,5.14230,regular,0,True,30.00000,38.00000,-2.00000,1868.00000,2,754429,1051,1.48095,1.35584,1.48095,1.35584,1,2.47474
6,8,72,120.00000,-4.00000,6.92820,regular,0,True,110.00000,120.75000,0.75000,2223.00000,2,760466,1033,-1.27732,1.64344,-1.27732,1.64344,1,7.85519
7,1,73,140.00000,-6.12836,5.14230,nocursor,0,False,,,,,2,772359,4503,-1.70310,1.10932,0.00000,0.00000,1,6.92165
7,2,74,40.00000,6.12836,5.14230,nocursor,0,False,,,,,2,778564,1502,1.51798,1.35584,0.00000,0.00000,1,1.77081
7,3,75,80.00000,1.38919,7.87846,nocursor,0,False,,,,,2,783801,1711,0.57387,1.93104,0.00000,0.00000,1,-6.55099
7,4,76,100.00000,-1.38919,7.87846,nocursor,0,False,,,,,2,789689,1724,-0.94411,1.82832,0.00000,0.00000,1,17.31098
7,5,77,160.00000,-7.51754,2.73616,nocursor,0,False,,,,,2,796044,1696,-1.98077,0.65737,0.00000,0.00000,1,1.64023
7,6,78,120.00000,-4.00000,6.92820,nocursor,0,False,,,,,2,802499,1590,-1.20327,1.60235,0.00000,0.00000,1,6.90438
7,7,79,60.00000,4.00000,6.92820,nocursor,0,False,,,,,2,808604,1809,1.07369,1.76669,0.00000,0.00000,1,-1.28877
7,8,80,20.00000,7.51754,2.73616,nocursor,0,False,,,,,2,814224,2126,1.92524,0.82172,0.00000,0.00000,1,3.11348
8,1,81,60.00000,4.00000,6.92820,regular,0,True,50.00000,60.00000,0.00000,2752.00000,2,828119,3253,1.22179,1.62289,1.22179,1.62289,1,-6.97420
8,2,82,140.00000,-6.12836,5.14230,regular,0,True,130.00000,140.00000,0.00000,2548.00000,2,835224,1418,-1.53649,1.31475,-1.53649,1.31475,1,-0.55308
8,3,83,160.00000,-7.51754,2.73616,regular,0,True,150.00000,159.75000,-0.25000,2385.00000,2,842263,1084,-1.99929,0.53412,-1.99929,0.53412,1,5.04247
8,4,84,100.00000,-1.38919,7.87846,regular,0,True,90.00000,99.50000,-0.50000,2070.00000,2,848901,1167,-0.85155,1.82832,-0.85155,1.82832,1,14.97401
8,5,85,20.00000,7.51754,2.73616,regular,0,True,10.00000,18.75000,-1.25000,2386.00000,2,856240,1250,1.90673,0.69846,1.90673,0.69846,1,0.11844
8,6,86,40.00000,6.12836,5.14230,regular,0,True,30.00000,39.00000,-1.00000,2000.00000,2,863679,1167,1.70310,1.17095,1.70310,1.17095,1,-5.48991
8,7,87,120.00000,-4.00000,6.92820,regular,0,True,110.00000,119.75000,-0.25000,1737.00000,2,869601,1084,-1.12923,1.66398,-1.12923,1.66398,1,4.16207
8,8,88,80.00000,1.38919,7.87846,regular,0,True,70.00000,80.50000,0.50000,2421.00000,2,877790,2435,0.49982,2.01321,0.49982,2.01321,1,-3.94292
9,1,89,120.00000,-4.00000,6.92820,nocursor,0,False,,,,,2,889849,4803,-1.44393,1.39692,0.00000,0.00000,1,15.94804
9,2,90,80.00000,1.38919,7.87846,nocursor,0,False,,,,,2,895487,1586,0.24065,2.05430,0.00000,0.00000,1,3.31856
9,3,91,160.00000,-7.51754,2.73616,nocursor,0,False,,,,,2,901258,1742,-1.90673,0.78063,0.00000,0.00000,1,-2.26457
9,4,92,140.00000,-6.12836,5.14230,nocursor,0,False,,,,,2,907313,1558,-1.68458,1.23258,0.00000,0.00000,1,3.80767
9,5,93,100.00000,-1.38919,7.87846,nocursor,0,False,,,,,2,913000,1408,-0.94411,1.86941,0.00000,0.00000,1,16.79519
9,6,94,20.00000,7.51754,2.73616,nocursor,0,False,,,,,2,918555,1745,1.92524,0.86280,0.00000,0.00000,1,4.13963
9,7,95,40.00000,6.12836,5.14230,nocursor,0,False,,,,,2,923258,1455,1.48095,1.43801,0.00000,0.00000,1,4.15720
9,8,96,60.00000,4.00000,6.92820,nocursor,0,False,,,,,2,928295,1610,0.96262,1.84887,0.00000,0.00000,1,2.49612
10,1,97,100.00000,-1.38919,7.87846,regular,0,True,90.00000,99.75000,-0.25000,3135.00000,2,948445,4287,-0.68494,1.91050,-0.68494,1.91050,1,9.72344
10,2,98,120.00000,-4.00000,6.92820,regular,0,True,110.00000,119.75000,-0.25000,3329.00000,2,956067,1151,-1.31435,1.62289,-1.31435,1.62289,1,9.00340
10,3,99,40.00000,6.12836,5.14230,regular,0,True,30.00000,39.25000,-0.75000,2321.00000,2,963272,1200,1.42542,1.52018,1.42542,1.52018,1,6.84257
10,4,100,60.00000,4.00000,6.92820,regular,0,True,50.00000,59.25000,-0.75000,2354.00000,2,970795,2319,1.20327,1.70507,1.20327,1.70507,1,-5.21067
10,5,101,160.00000,-7.51754,2.73616,regular,0,True,150.00000,158.75000,-1.25000,2668.00000,2,977800,1284,-2.01780,0.65737,-2.01780,0.65737,1,1.95514
10,6,102,80.00000,1.38919,7.87846,regular,0,True,70.00000,79.25000,-0.75000,2352.00000,2,984522,1200,0.25917,2.07484,0.25917,2.07484,1,2.88001
10,7,103,20.00000,7.51754,2.73616,regular,0,True,10.00000,20.25000,0.25000,2308.00000,2,990710,934,1.96226,0.76009,1.96226,0.76009,1,1.17409
10,8,104,140.00000,-6.12836,5.14230,regular,0,True,130.00000,139.50000,-0.50000,2339.00000,2,996581,817,-1.72161,1.17095,-1.72161,1.17095,1,5.77849
11,1,105,120.00000,-4.00000,6.92820,regular,0,True,110.00000,119.00000,-1.00000,3753.00000,2,1104147,6621,-1.29583,1.54072,-1.29583,1.54072,1,10.06568
11,2,106,40.00000,6.12836,5.14230,regular,0,True,30.00000,39.50000,-0.50000,2842.00000,2,1111853,1317,1.57351,1.35584,1.57351,1.35584,1,0.75036
11,3,107,140.00000,-6.12836,5.14230,regular,0,True,130.00000,139.00000,-1.00000,2252.00000,2,1118375,1267,-1.86970,1.02715,-1.86970,1.02715,1,11.21709
11,4,108,160.00000,-7.51754,2.73616,regular,0,True,150.00000,160.00000,0.00000,2069.00000,2,1125097,1201,-1.92524,0.61629,-1.92524,0.61629,1,2.24957
11,5,109,80.00000,1.38919,7.87846,regular,0,True,70.00000,79.50000,-0.50000,2889.00000,2,1132136,1051,0.35173,2.07484,0.35173,2.07484,1,0.37860
11,6,110,60.00000,4.00000,6.92820,regular,0,True,50.00000,58.50000,-1.50000,2239.00000,2,1138541,1101,1.09220,1.68452,1.09220,1.68452,1,-2.95835
11,7,111,100.00000,-1.38919,7.87846,regular,0,True,90.00000,99.50000,-0.50000,1840.00000,2,1144245,1084,-0.46280,2.05430,-0.46280,2.05430,1,2.69585
11,8,112,20.00000,7.51754,2.73616,regular,0,True,10.00000,19.50000,-0.50000,2422.00000,2,1150883,950,1.88821,0.73955,1.88821,0.73955,1,1.38865
12,1,113,140.00000,-6.12836,5.14230,regular,-30,True,130.00000,139.50000,-0.50000,2371.00000,2,1159240,2569,-1.68458,1.12986,-0.89396,1.82078,1,6.14996
12,2,114,20.00000,7.51754,2.73616,regular,-30,True,10.00000,19.00000,-1.00000,1526.00000,2,1166862,1017,1.94375,0.61629,1.99148,-0.43815,1,-2.40814
12,3,115,60.00000,4.00000,6.92820,regular,-30,True,50.00000,58.75000,-1.25000,2291.00000,2,1179839,1735,0.81452,1.86941,1.64010,1.21169,1,6.45678
12,4,116,80.00000,1.38919,7.87846,regular,-30,True,70.00000,79.25000,-0.75000,2745.00000,2,1191315,1919,-0.16661,2.03375,0.87259,1.84459,1,14.68336
12,5,117,160.00000,-7.51754,2.73616,regular,-30,True,150.00000,159.00000,-1.00000,1860.00000,2,1201172,1251,-1.98077,0.43140,-1.49970,1.36399,1,7.71319
12,6,118,100.00000,-1.38919,7.87846,regular,-30,True,90.00000,100.00000,0.00000,2116.00000,2,1209745,1351,-1.05518,1.76669,-0.03046,2.05759,1,20.84834
12,7,119,120.00000,-4.00000,6.92820,regular,-30,True,110.00000,119.75000,-0.25000,2094.00000,2,1219920,1251,-1.70310,1.08878,-0.93054,1.79446,1,27.40950
12,8,120,40.00000,6.12836,5.14230,regular,-30,True,30.00000,38.50000,-1.50000,1764.00000,2,1230328,1585,1.36988,1.47909,1.92590,0.59599,1,7.19525
12,9,121,120.00000,-4.00000,6.92820,regular,-30,True,110.00000,119.25000,-0.75000,1563.00000,2,1240085,1367,-1.46244,1.41746,-0.55778,1.95878,1,15.89481
12,10,122,140.00000,-6.12836,5.14230,regular,-30,True,130.00000,139.50000,-0.50000,1894.00000,2,1250310,1601,-2.01780,0.28760,-1.60366,1.25797,1,31.88818
12,11,123,60.00000,4.00000,6.92820,regular,-30,True,50.00000,59.00000,-1.00000,1814.00000,2,1258883,1901,-0.25917,1.99267,0.77189,1.85528,1,37.41039
12,12,124,80.00000,1.38919,7.87846,regular,-30,True,70.00000,79.75000,-0.25000,1607.00000,2,1268807,1184,-0.16661,2.05430,0.88286,1.86238,1,14.63671
12,13,125,40.00000,6.12836,5.14230,regular,-30,True,30.00000,39.50000,-0.50000,2098.00000,2,1278782,2068,1.29583,1.58181,1.91313,0.72197,1,10.67542
12,14,126,160.00000,-7.51754,2.73616,regular,-30,True,150.00000,159.00000,-1.00000,1661.00000,2,1287405,1234,-2.05482,0.26706,-1.64600,1.25869,1,12.59491
12,15,127,20.00000,7.51754,2.73616,regular,-30,True,10.00000,18.50000,-1.50000,2180.00000,2,1296346,1368,0.90708,1.80778,1.68945,1.11204,1,43.35412
12,16,128,100.00000,-1.38919,7.87846,regular,-30,True,90.00000,99.75000,-0.25000,2096.00000,2,1307170,2268,-1.22179,1.60235,-0.25692,1.99857,1,27.32548
12,17,129,140.00000,-6.12836,5.14230,regular,-30,True,130.00000,140.50000,0.50000,1961.00000,2,1316394,1251,-1.99929,0.51357,-1.47465,1.44441,1,25.59356
12,18,130,20.00000,7.51754,2.73616,regular,-30,True,10.00000,18.50000,-1.50000,1818.00000,2,1323933,1634,1.62905,1.25312,2.03736,0.27071,1,17.56869
12,19,131,160.00000,-7.51754,2.73616,regular,-30,True,150.00000,159.25000,-0.75000,1448.00000,2,1331906,1484,-2.09185,-0.16434,-1.89376,0.90360,1,24.49205
12,20,132,120.00000,-4.00000,6.92820,regular,-30,True,110.00000,119.50000,-0.50000,2118.00000,2,1340463,2352,-1.83268,0.90389,-1.13520,1.69913,1,33.74718
12,21,133,100.00000,-1.38919,7.87846,regular,-30,True,90.00000,99.75000,-0.25000,1829.00000,2,1349987,2335,-0.96262,1.78724,0.05997,2.02910,1,18.30722
12,22,134,40.00000,6.12836,5.14230,regular,-30,True,30.00000,39.00000,-1.00000,1678.00000,2,1359144,1618,0.94411,1.88995,1.76260,1.16469,1,23.45593
12,23,135,60.00000,4.00000,6.92820,regular,-30,True,50.00000,59.75000,-0.25000,1996.00000,2,1367967,1567,-0.07405,2.01321,0.94248,1.78052,1,32.10651
12,24,136,80.00000,1.38919,7.87846,regular,-30,True,70.00000,80.25000,0.25000,1497.00000,2,1375824,1568,-0.88857,1.84887,0.15491,2.04545,1,35.66902
12,25,137,100.00000,-1.38919,7.87846,regular,-30,True,90.00000,98.50000,-1.50000,1417.00000,2,1382912,1401,-1.46244,1.43801,-0.54751,1.97657,1,35.48258
12,26,138,120.00000,-4.00000,6.92820,regular,-30,True,110.00000,120.00000,0.00000,1754.00000,2,1389701,1585,-1.85119,0.86280,-1.17178,1.67281,1,35.01078
12,27,139,20.00000,7.51754,2.73616,regular,-30,True,10.00000,19.25000,-0.75000,1600.00000,2,1396756,1384,1.31435,1.54072,1.90862,0.67713,1,29.53333
12,28,140,60.00000,4.00000,6.92820,regular,-30,True,50.00000,59.00000,-1.00000,2799.00000,2,1406214,1452,0.61089,1.93104,1.49457,1.36688,1,12.44508
12,29,141,80.00000,1.38919,7.87846,regular,-30,True,70.00000,80.50000,0.50000,1583.00000,2,1413302,1367,-0.87006,1.84887,0.17094,2.03620,1,35.20121
12,30,142,160.00000,-7.51754,2.73616,regular,-30,True,150.00000,160.50000,0.50000,1952.00000,2,1420325,1118,-1.99929,0.14380,-1.65953,1.12418,1,15.88605
12,31,143,40.00000,6.12836,5.14230,regular,-30,True,30.00000,39.50000,-0.50000,1784.00000,2,1427714,1301,0.53685,2.01321,1.47153,1.47507,1,35.06874
12,32,144,140.00000,-6.12836,5.14230,regular,-30,True,130.00000,138.75000,-1.25000,1400.00000,2,1434919,1034,-2.03631,0.10271,-1.71214,1.10711,1,37.11249
12,33,145,120.00000,-4.00000,6.92820,regular,-30,True,110.00000,119.75000,-0.25000,1452.00000,2,1441658,1018,-1.99929,0.24652,-1.60817,1.21313,1,52.97070
12,34,146,60.00000,4.00000,6.92820,regular,-30,True,50.00000,59.50000,-0.50000,1845.00000,2,1450314,1150,0.66643,1.93104,1.54266,1.33911,1,10.95970
12,35,147,80.00000,1.38919,7.87846,regular,-30,True,70.00000,80.00000,0.00000,1831.00000,2,1459321,1334,-0.75899,1.91050,0.29794,2.03403,1,31.66659
12,36,148,20.00000,7.51754,2.73616,regular,-30,True,10.00000,20.00000,0.00000,1834.00000,2,1466177,1419,1.01815,1.76669,1.76510,1.02093,1,40.04499
12,37,149,100.00000,-1.38919,7.87846,regular,-30,True,90.00000,99.75000,-0.25000,1535.00000,2,1473382,1634,-1.09220,1.68452,-0.10361,2.00494,1,22.95835
12,38,150,160.00000,-7.51754,2.73616,regular,-30,True,150.00000,160.75000,0.75000,1781.00000,2,1482139,1301,-1.99929,-0.10271,-1.78279,0.91069,1,22.94088
12,39,151,140.00000,-6.12836,5.14230,regular,-30,True,130.00000,140.00000,0.00000,3050.00000,2,1491730,1868,-1.90673,0.76009,-1.27123,1.61162,1,18.26603
12,40,152,40.00000,6.12836,5.14230,regular,-30,True,30.00000,39.00000,-1.00000,1600.00000,2,1498702,1735,1.18476,1.74615,1.89911,0.91983,1,15.84317
12,41,153,160.00000,-7.51754,2.73616,regular,-30,True,150.00000,160.25000,0.25000,2067.00000,2,1506925,1701,-2.05482,-0.32869,-1.94387,0.74276,1,29.08807
12,42,154,120.00000,-4.00000,6.92820,regular,-30,True,110.00000,121.00000,1.00000,2469.00000,2,1514214,1334,-2.01780,0.43140,-1.53176,1.38250,1,47.93201
12,43,155,20.00000,7.51754,2.73616,regular,-30,True,10.00000,19.75000,-0.25000,2386.00000,2,1522203,1718,1.24030,1.62289,1.88558,0.78532,1,32.61099
12,44,156,60.00000,4.00000,6.92820,regular,-30,True,50.00000,58.00000,-2.00000,1768.00000,2,1528425,1167,0.33321,1.97212,1.27463,1.54130,1,20.40986
12,45,157,40.00000,6.12836,5.14230,regular,-30,True,30.00000,39.50000,-0.50000,2003.00000,2,1535330,1051,0.72196,1.88995,1.57022,1.27576,1,29.09317
12,46,158,140.00000,-6.12836,5.14230,regular,-30,True,130.00000,139.75000,-0.25000,2187.00000,2,1542569,1334,-2.03631,0.34923,-1.58888,1.32060,1,30.26837
12,47,159,80.00000,1.38919,7.87846,regular,-30,True,70.00000,79.75000,-0.25000,2217.00000,2,1550175,1301,-0.62940,1.95158,0.43071,2.00482,1,27.87492
12,48,160,100.00000,-1.38919,7.87846,regular,-30,True,90.00000,99.75000,-0.25000,1902.00000,2,1558331,2085,-1.09220,1.68452,-0.10361,2.00494,1,22.95835
12,49,161,40.00000,6.12836,5.14230,regular,-30,True,30.00000,40.75000,0.75000,1949.00000,2,1565737,1234,0.49982,2.01321,1.43946,1.49358,1,36.05708
12,50,162,100.00000,-1.38919,7.87846,regular,-30,True,90.00000,100.75000,0.75000,1566.00000,2,1573293,1384,-1.20327,1.62289,-0.23062,2.00710,1,26.55459
12,51,163,60.00000,4.00000,6.92820,regular,-30,True,50.00000,60.00000,0.00000,1631.00000,2,1582350,2319,0.11107,2.01321,1.10280,1.68796,1,26.84216
12,52,164,80.00000,1.38919,7.87846,regular,-30,True,70.00000,79.00000,-1.00000,1498.00000,2,1589222,1268,-0.48131,2.01321,0.58978,1.98415,1,23.44566
12,53,165,20.00000,7.51754,2.73616,regular,-30,True,10.00000,19.75000,-0.25000,1434.00000,2,1596127,1401,1.14774,1.64344,1.81569,0.84939,1,35.07045
12,54,166,160.00000,-7.51754,2.73616,regular,-30,True,150.00000,159.75000,-0.25000,1299.00000,2,1603449,1084,-2.05482,-0.14380,-1.85143,0.90288,1,24.00314
12,55,167,120.00000,-4.00000,6.92820,regular,-30,True,110.00000,119.50000,-0.50000,1536.00000,2,1610038,1351,-1.88821,0.73955,-1.26547,1.58457,1,38.61135
12,56,168,140.00000,-6.12836,5.14230,regular,-30,True,130.00000,139.75000,-0.25000,1354.00000,2,1615609,1068,-1.99929,0.28760,-1.58763,1.24871,1,31.81410
12,57,169,120.00000,-4.00000,6.92820,regular,-30,True,110.00000,120.00000,0.00000,1382.00000,2,1622447,1184,-1.92524,0.67792,-1.32835,1.54971,1,40.60170
12,58,170,100.00000,-1.38919,7.87846,regular,-30,True,90.00000,99.75000,-0.25000,1838.00000,2,1628852,1284,-1.68458,1.10932,-0.90423,1.80299,1,46.63453
12,59,171,140.00000,-6.12836,5.14230,regular,-30,True,130.00000,138.50000,-1.50000,1268.00000,2,1634957,1101,-1.99929,0.20543,-1.62872,1.17755,1,34.13336
12,60,172,20.00000,7.51754,2.73616,regular,-30,True,10.00000,18.25000,-1.75000,1720.00000,2,1641112,1268,1.44393,1.49964,2.00030,0.57676,1,26.08425
12,61,173,60.00000,4.00000,6.92820,regular,-30,True,50.00000,59.25000,-0.75000,2170.00000,2,1649084,2134,0.87006,1.88995,1.69847,1.20172,1,5.28048
12,62,174,160.00000,-7.51754,2.73616,regular,-30,True,150.00000,159.00000,-1.00000,2449.00000,2,1657608,1051,-2.01780,0.55466,-1.47013,1.48925,1,4.62995
12,63,175,40.00000,6.12836,5.14230,regular,-30,True,30.00000,38.50000,-1.50000,1749.00000,2,1665748,1485,-0.03702,2.03375,0.98481,1.77979,1,51.04283
12,64,176,80.00000,1.38919,7.87846,regular,-30,True,70.00000,79.00000,-1.00000,1532.00000,2,1672986,1234,-0.44429,2.01321,0.62184,1.96563,1,22.44498
12,65,177,100.00000,-1.38919,7.87846,regular,-30,True,90.00000,99.50000,-0.50000,1383.00000,2,1679725,1234,-1.85119,0.94498,-1.13069,1.74397,1,52.95698
12,66,178,160.00000,-7.51754,2.73616,regular,-30,True,150.00000,160.00000,0.00000,1901.00000,2,1687431,1084,-2.03631,0.00000,-1.76350,1.01815,1,20.00000
12,67,179,120.00000,-4.00000,6.92820,regular,-30,True,110.00000,119.00000,-1.00000,1886.00000,2,1694653,1501,-1.77714,1.02715,-1.02548,1.77811,1,29.97298
12,68,180,20.00000,7.51754,2.73616,regular,-30,True,10.00000,18.50000,-1.50000,2114.00000,2,1703477,1651,1.31435,1.52018,1.89835,0.65934,1,29.15326
12,69,181,140.00000,-6.12836,5.14230,regular,-30,True,130.00000,140.25000,0.25000,1393.00000,2,1712000,1184,-1.96226,0.59575,-1.40150,1.49706,1,23.11150
12,70,182,80.00000,1.38919,7.87846,regular,-30,True,70.00000,79.75000,-0.25000,1571.00000,2,1717988,1118,-0.64792,1.97212,0.42495,2.03187,1,28.18741
12,71,183,60.00000,4.00000,6.92820,regular,-30,True,50.00000,60.25000,0.25000,2253.00000,2,1724876,1267,0.12958,2.03375,1.12910,1.69649,1,26.35434
12,72,184,40.00000,6.12836,5.14230,regular,-30,True,30.00000,40.00000,0.00000,2355.00000,2,1731798,1184,0.70345,1.91050,1.56446,1.30281,1,29.78619
12,73,185,100.00000,-1.38919,7.87846,regular,-30,True,90.00000,100.50000,0.50000,1802.00000,2,1738437,1068,-1.31435,1.62289,-0.32681,2.06264,1,29.00340
12,74,186,140.00000,-6.12836,5.14230,regular,-30,True,130.00000,139.25000,-0.75000,1736.00000,2,1745192,1184,-2.05482,0.22597,-1.66654,1.22311,1,33.72436
12,75,187,160.00000,-7.51754,2.73616,regular,-30,True,150.00000,158.75000,-1.25000,2820.00000,2,1753415,1968,-2.03631,0.00000,-1.76350,1.01815,1,20.00000
12,76,188,40.00000,6.12836,5.14230,regular,-30,True,30.00000,38.50000,-1.50000,1784.00000,2,1760987,1801,1.12923,1.66398,1.80993,0.87644,1,15.83793
12,77,189,120.00000,-4.00000,6.92820,regular,-30,True,110.00000,120.50000,0.50000,1802.00000,2,1768010,1385,-1.92524,0.71900,-1.30780,1.58529,1,39.52135
12,78,190,20.00000,7.51754,2.73616,regular,-30,True,10.00000,18.75000,-1.25000,1620.00000,2,1773647,1017,1.36988,1.56127,1.96698,0.66715,1,28.73584
12,79,191,60.00000,4.00000,6.92820,regular,-30,True,50.00000,60.50000,0.50000,1855.00000,2,1779685,1334,-0.44429,1.95158,0.59103,1.91226,1,42.82518
12,80,192,80.00000,1.38919,7.87846,regular,-30,True,70.00000,80.50000,0.50000,1886.00000,2,1786224,1301,-0.77750,1.84887,0.25110,1.98992,1,32.80807
12,81,193,40.00000,6.12836,5.14230,regular,-30,True,30.00000,39.75000,-0.25000,2204.00000,2,1793880,2452,0.96262,1.76669,1.71700,1.04869,1,21.41527
12,82,194,140.00000,-6.12836,5.14230,regular,-30,True,130.00000,138.75000,-1.25000,1601.00000,2,1800368,1167,-1.86970,0.94498,-1.14672,1.75322,1,13.18715
12,83,195,100.00000,-1.38919,7.87846,regular,-30,True,90.00000,101.00000,1.00000,2287.00000,2,1807323,1651,-1.64756,1.19149,-0.83108,1.85564,1,44.12613
12,84,196,20.00000,7.51754,2.73616,regular,-30,True,10.00000,20.25000,0.25000,1834.00000,2,1814879,1835,1.55500,1.33529,2.01432,0.37890,1,20.65293
12,85,197,80.00000,1.38919,7.87846,regular,-30,True,70.00000,79.00000,-1.00000,1632.00000,2,1822669,1868,-0.74048,1.97212,0.34479,2.07815,1,30.57986
12,86,198,160.00000,-7.51754,2.73616,regular,-30,True,150.00000,160.50000,0.50000,1551.00000,2,1828523,1217,-2.05482,0.14380,-1.70763,1.15195,1,15.99686
12,87,199,60.00000,4.00000,6.92820,regular,-30,True,50.00000,58.50000,-1.50000,1649.00000,2,1836379,1685,0.44429,1.97212,1.37082,1.48577,1,17.30405
12,88,200,120.00000,-4.00000,6.92820,regular,-30,True,110.00000,119.00000,-1.00000,1514.00000,2,1844202,1435,-1.86970,0.78063,-1.22889,1.61090,1,37.33867
12,89,201,20.00000,7.51754,2.73616,regular,-30,True,10.00000,19.00000,-1.00000,1652.00000,2,1850523,1284,1.11071,1.70507,1.81444,0.92127,1,36.91913
12,90,202,80.00000,1.38919,7.87846,regular,-30,True,70.00000,79.75000,-0.25000,1419.00000,2,1856895,1101,-1.05518,1.76669,-0.03046,2.05759,1,40.84834
12,91,203,60.00000,4.00000,6.92820,regular,-30,True,50.00000,59.25000,-0.75000,1402.00000,2,1862833,1151,0.22214,1.99267,1.18872,1.61463,1,23.63901
12,92,204,140.00000,-6.12836,5.14230,regular,-30,True,130.00000,139.25000,-0.75000,1970.00000,2,1868887,867,-2.03631,0.36977,-1.57861,1.33839,1,29.70791
12,93,205,160.00000,-7.51754,2.73616,regular,-30,True,150.00000,159.25000,-0.75000,1590.00000,2,1875176,2085,-1.99929,-0.08217,-1.77252,0.92848,1,22.35351
12,94,206,100.00000,-1.38919,7.87846,regular,-30,True,90.00000,99.00000,-1.00000,1751.00000,2,1881948,1652,-1.81417,0.96552,-1.08835,1.74325,1,51.97763
12,95,207,120.00000,-4.00000,6.92820,regular,-30,True,110.00000,119.50000,-0.50000,1802.00000,2,1888869,1334,-1.96226,0.57520,-1.41177,1.47927,1,43.66248
12,96,208,40.00000,6.12836,5.14230,regular,-30,True,30.00000,40.25000,0.25000,1936.00000,2,1895274,1167,1.07369,1.84887,1.85428,1.06432,1,19.85508
12,97,209,40.00000,6.12836,5.14230,regular,-30,True,30.00000,39.00000,-1.00000,1385.00000,2,1902430,2035,0.66643,1.88995,1.52212,1.30353,1,30.57644
12,98,210,60.00000,4.00000,6.92820,regular,-30,True,50.00000,59.00000,-1.00000,1433.00000,2,1909118,1117,0.75899,1.93104,1.62282,1.29283,1,8.54283
12,99,211,140.00000,-6.12836,5.14230,regular,-30,True,130.00000,138.50000,-1.50000,1401.00000,2,1915790,1134,-2.01780,0.18489,-1.65502,1.16902,1,34.76464
12,100,212,80.00000,1.38919,7.87846,regular,-30,True,70.00000,79.75000,-0.25000,1570.00000,2,1921544,1033,-0.98113,1.86941,0.08502,2.10952,1,37.69202
12,101,213,160.00000,-7.51754,2.73616,regular,-30,True,150.00000,158.00000,-2.00000,1222.00000,2,1927032,1384,-2.07333,-0.47249,-2.03180,0.62748,1,32.83786
12,102,214,20.00000,7.51754,2.73616,regular,-30,True,10.00000,18.75000,-1.25000,1445.00000,2,1935839,1334,1.64756,1.19149,2.02257,0.20808,1,15.87387
12,103,215,120.00000,-4.00000,6.92820,regular,-30,True,110.00000,119.00000,-1.00000,1369.00000,2,1941977,1184,-1.94375,0.63683,-1.36492,1.52339,1,41.85967
12,104,216,100.00000,-1.38919,7.87846,regular,-30,True,90.00000,99.50000,-0.50000,1453.00000,2,1949249,1768,-1.57351,1.25312,-0.73614,1.87199,1,41.46670
12,105,217,100.00000,-1.38919,7.87846,regular,-30,True,90.00000,99.75000,-0.25000,1483.00000,2,1956472,1868,-1.44393,1.39692,-0.55202,1.93173,1,35.94804
12,106,218,40.00000,6.12836,5.14230,regular,-30,True,30.00000,40.50000,0.50000,1616.00000,2,1962660,1084,0.87006,1.84887,1.67793,1.16614,1,24.79879
12,107,219,80.00000,1.38919,7.87846,regular,-30,True,70.00000,80.25000,0.25000,1501.00000,2,1969565,1017,-0.72196,1.91050,0.33001,2.01552,1,30.70111
12,108,220,160.00000,-7.51754,2.73616,regular,-30,True,150.00000,159.25000,-0.75000,1218.00000,2,1976220,1001,-2.05482,-0.22597,-1.89251,0.83171,1,26.27564
12,109,221,60.00000,4.00000,6.92820,regular,-30,True,50.00000,58.25000,-1.75000,1566.00000,2,1982959,968,-0.05554,2.03375,0.96878,1.78905,1,31.56431
12,110,222,120.00000,-4.00000,6.92820,regular,-30,True,110.00000,119.50000,-0.50000,1719.00000,2,1989380,1067,-1.85119,0.76009,-1.22313,1.58385,1,37.67717
12,111,223,20.00000,7.51754,2.73616,regular,-30,True,10.00000,19.25000,-0.75000,1436.00000,2,1995635,1351,1.27732,1.54072,1.87655,0.69564,1,30.33988
12,112,224,140.00000,-6.12836,5.14230,regular,-30,True,130.00000,139.25000,-0.75000,1636.00000,2,2001706,1100,-2.01780,0.18489,-1.65502,1.16902,1,34.76464
12,113,225,80.00000,1.38919,7.87846,regular,-30,True,70.00000,79.50000,-0.50000,1318.00000,2,2007427,1184,-1.12923,1.68452,-0.13568,2.02345,1,43.83621
12,114,226,60.00000,4.00000,6.92820,regular,-30,True,50.00000,59.75000,-0.25000,1888.00000,2,2013666,1385,0.01851,2.09538,1.06372,1.80540,1,29.49388
12,115,227,160.00000,-7.51754,2.73616,regular,-30,True,150.00000,159.25000,-0.75000,1320.00000,2,2019070,1118,-2.01780,-0.14380,-1.81936,0.88436,1,24.07633
12,116,228,140.00000,-6.12836,5.14230,regular,-30,True,130.00000,139.50000,-0.50000,1337.00000,2,2024607,1117,-2.09185,0.20543,-1.70888,1.22383,1,34.39126
12,117,229,40.00000,6.12836,5.14230,regular,-30,True,30.00000,39.50000,-0.50000,1835.00000,2,2031713,1568,0.55536,1.99267,1.47729,1.44802,1,34.42677
12,118,230,100.00000,-1.38919,7.87846,regular,-30,True,90.00000,100.00000,0.00000,1366.00000,2,2037517,1217,-1.46244,1.37638,-0.57832,1.92320,1,36.73641
12,119,231,120.00000,-4.00000,6.92820,regular,-30,True,110.00000,119.25000,-0.75000,1682.00000,2,2044773,1101,-1.88821,0.90389,-1.18330,1.72690,1,34.41947
12,120,232,20.00000,7.51754,2.73616,regular,-30,True,10.00000,19.00000,-1.00000,1269.00000,2,2050461,1201,1.59202,1.33529,2.04638,0.36039,1,19.98789
13,1,233,100.00000,-1.38919,7.87846,nocursor,0,False,,,,,2,2064538,5037,-0.72196,1.86941,0.00000,0.00000,1,11.11640
13,2,234,140.00000,-6.12836,5.14230,nocursor,0,False,,,,,2,2069859,1621,-1.83268,0.98606,0.00000,0.00000,1,11.71785
13,3,235,40.00000,6.12836,5.14230,nocursor,0,False,,,,,2,2076047,2411,1.29583,1.60235,0.00000,0.00000,1,11.03733
13,4,236,20.00000,7.51754,2.73616,nocursor,0,False,,,,,2,2080951,1461,1.72161,1.02715,0.00000,0.00000,1,10.82122
13,5,237,80.00000,1.38919,7.87846,nocursor,0,False,,,,,2,2086122,1477,0.12958,2.09538,0.00000,0.00000,1,6.46129
13,6,238,60.00000,4.00000,6.92820,nocursor,0,False,,,,,2,2091275,1474,0.88857,1.86941,0.00000,0.00000,1,4.57727
13,7,239,160.00000,-7.51754,2.73616,nocursor,0,False,,,,,2,2095829,1295,-2.07333,0.06163,0.00000,0.00000,1,18.29738
13,8,240,120.00000,-4.00000,6.92820,nocursor,0,False,,,,,2,2101149,1646,-1.55500,1.29421,0.00000,0.00000,1,20.22975
13,9,241,20.00000,7.51754,2.73616,nocursor,0,False,,,,,2,2106387,1475,1.49946,1.47909,0.00000,0.00000,1,24.60817
13,10,242,80.00000,1.38919,7.87846,nocursor,0,False,,,,,2,2110957,1764,0.40726,2.05430,0.00000,0.00000,1,-1.21336
13,11,243,140.00000,-6.12836,5.14230,nocursor,0,False,,,,,2,2115677,1311,-1.85119,0.76009,0.00000,0.00000,1,17.67717
13,12,244,120.00000,-4.00000,6.92820,nocursor,0,False,,,,,2,2120998,1309,-1.49946,1.33529,0.00000,0.00000,1,18.31449
13,13,245,100.00000,-1.38919,7.87846,nocursor,0,False,,,,,2,2126953,2295,-1.05518,1.76669,0.00000,0.00000,1,20.84834
13,14,246,60.00000,4.00000,6.92820,nocursor,0,False,,,,,2,2131890,1414,0.68494,1.88995,0.00000,0.00000,1,10.07889
13,15,247,160.00000,-7.51754,2.73616,nocursor,0,False,,,,,2,2135860,1248,-2.16589,0.02054,0.00000,0.00000,1,19.45666
13,16,248,40.00000,6.12836,5.14230,nocursor,0,False,,,,,2,2140747,1681,1.09220,1.74615,0.00000,0.00000,1,17.97442
13,17,249,80.00000,1.38919,7.87846,nocursor,0,False,,,,,2,2145033,1530,0.05554,2.05430,0.00000,0.00000,1,8.45133
13,18,250,120.00000,-4.00000,6.92820,nocursor,0,False,,,,,2,2150037,1493,-1.44393,1.41746,0.00000,0.00000,1,15.53001
13,19,251,140.00000,-6.12836,5.14230,nocursor,0,False,,,,,2,2155608,1909,-2.07333,0.34923,0.00000,0.00000,1,30.43889
13,20,252,60.00000,4.00000,6.92820,nocursor,0,False,,,,,2,2161146,1509,0.85155,1.82832,0.00000,0.00000,1,5.02599
13,21,253,40.00000,6.12836,5.14230,nocursor,0,False,,,,,2,2166166,1829,1.31435,1.60235,0.00000,0.00000,1,10.63920
13,22,254,160.00000,-7.51754,2.73616,nocursor,0,False,,,,,2,2170970,1376,-2.03631,0.36977,0.00000,0.00000,1,9.70791
13,23,255,20.00000,7.51754,2.73616,nocursor,0,False,,,,,2,2176474,1343,1.77714,1.12986,0.00000,0.00000,1,12.44715
13,24,256,100.00000,-1.38919,7.87846,nocursor,0,False,,,,,2,2180777,1329,-1.03667,1.76669,0.00000,0.00000,1,20.40384
